{"version": {"json_export": "219", "page_segmentation": "55", "schema": "1.1.0", "structure": "1.1155.0", "table_structure": "5"}, "extended_metadata": {"ID_instance": "12 1C 28 9B 7A BC B2 11 0A 00 A0 45 06 71 00 37 ", "ID_permanent": "D2 CE D8 E0 3D 9E 1D 1A 88 CA 9A F5 5A F3 1C 4C ", "has_acroform": false, "has_embedded_files": false, "is_XFA": false, "is_certified": false, "is_encrypted": false, "is_digitally_signed": false, "language": "en", "page_count": 12, "pdf_version": "1.6", "pdfa_compliance_level": "", "pdfua_compliance_level": ""}, "elements": [{"Bounds": [44.045562744140625, 29.094009399414062, 567.8736572265625, 743.3622741699219], "ObjectID": 682, "Page": 0, "Path": "//Document/Figure", "attributes": {"BBox": [44.03819999999905, 29.070999999999913, 567.8169999999809, 743.4019999999728], "Placement": "Block"}, "filePaths": ["figures/fileoutpart0.png"]}, {"Bounds": [567.5325012207031, 747.7725067138672, 588.9299926757812, 768.9375], "ObjectID": 498, "Page": 1, "Path": "//Document/Figure[2]", "attributes": {"BBox": [567.6969999999856, 747.7219999999797, 588.2159999999858, 768.1209999999846], "Placement": "Block"}, "filePaths": ["figures/fileoutpart1.png"]}, {"Bounds": [77.39999389648438, 705.9470825195312, 542.6677856445312, 748.6148681640625], "Font": {"alt_family_name": "CID Font+ F", "embedded": true, "encoding": "Identity-H", "family_name": "CID Font+ F 1", "font_type": "CIDFontType2", "italic": false, "monospaced": false, "name": "CIDFont+F1", "subset": false, "weight": 400}, "HasClip": false, "Lang": "en", "ObjectID": 499, "Page": 1, "Path": "//Document/H1", "Text": "TRADITIONAL BUFFET MENU ", "TextSize": 34.973602294921875, "attributes": {"LineHeight": 42, "SpaceAfter": 6.375, "TextAlign": "Center"}}, {"Bounds": [192.36000061035156, 691.3500823974609, 422.3289489746094, 705.9623870849609], "Font": {"alt_family_name": "CID Font+ F", "embedded": true, "encoding": "Identity-H", "family_name": "CID Font+ F 2", "font_type": "CIDFontType2", "italic": false, "monospaced": false, "name": "CIDFont+F2", "subset": false, "weight": 400}, "HasClip": false, "Lang": "en", "ObjectID": 500, "Page": 1, "Path": "//Document/H1[2]", "Text": "(a minimum of 50 guests must be guaranteed) ", "TextSize": 11.977294921875, "attributes": {"LineHeight": 14.375, "SpaceAfter": 18, "TextAlign": "Center"}}, {"Bounds": [45.0, 640.0858612060547, 212.01382446289062, 666.8263092041016], "Font": {"alt_family_name": "CID Font+ F", "embedded": true, "encoding": "Identity-H", "family_name": "CID Font+ F 1", "font_type": "CIDFontType2", "italic": false, "monospaced": false, "name": "CIDFont+F1", "subset": false, "weight": 400}, "HasClip": false, "Lang": "en", "ObjectID": 501, "Page": 1, "Path": "//Document/H1[3]", "Text": "$70++ per person ", "TextSize": 21.91839599609375, "attributes": {"LineHeight": 26.25, "SpaceAfter": 13.625}}, {"Bounds": [43.06694030761719, 570.5213012695312, 211.3623809814453, 629.0423889160156], "Font": {"alt_family_name": "CID Font+ F", "embedded": true, "encoding": "Identity-H", "family_name": "CID Font+ F 1", "font_type": "CIDFontType2", "italic": false, "monospaced": false, "name": "CIDFont+F1", "subset": false, "weight": 400}, "HasClip": false, "Lang": "en", "ObjectID": 502, "Page": 1, "Path": "//Document/P", "Text": "Choice of Two (2) Salads, Two (2) Entr\u00e9es, and Two (2) Sides May Add Another Entr\u00e9e Choice for $6.00 Per Person ", "TextSize": 11.977294921875, "attributes": {"LineHeight": 14.625, "SpaceAfter": 18, "TextAlign": "Center"}}, {"Bounds": [48.36000061035156, 528.9244079589844, 206.5404510498047, 546.020751953125], "Font": {"alt_family_name": "CID Font+ F", "embedded": true, "encoding": "Identity-H", "family_name": "CID Font+ F 1", "font_type": "CIDFontType2", "italic": false, "monospaced": false, "name": "CIDFont+F1", "subset": false, "weight": 400}, "HasClip": false, "Lang": "en", "ObjectID": 675, "Page": 1, "Path": "//Document/H2", "Text": "SOUP & SALAD CHOICES ", "TextSize": 14.013397216796875, "attributes": {"LineHeight": 16.875}}, {"Bounds": [92.27999877929688, 514.3500823974609, 162.2513885498047, 528.9623870849609], "Font": {"alt_family_name": "CID Font+ F", "embedded": true, "encoding": "Identity-H", "family_name": "CID Font+ F 2", "font_type": "CIDFontType2", "italic": false, "monospaced": false, "name": "CIDFont+F2", "subset": false, "weight": 400}, "HasClip": false, "ObjectID": 504, "Page": 1, "Path": "//Document/P[2]/Sub", "Text": "French Onion ", "TextSize": 11.977294921875, "attributes": {"Placement": "Block"}}, {"Bounds": [81.47647094726562, 499.7138214111328, 173.00819396972656, 514.3261260986328], "Font": {"alt_family_name": "CID Font+ F", "embedded": true, "encoding": "Identity-H", "family_name": "CID Font+ F 2", "font_type": "CIDFontType2", "italic": false, "monospaced": false, "name": "CIDFont+F2", "subset": false, "weight": 400}, "HasClip": false, "ObjectID": 505, "Page": 1, "Path": "//Document/P[2]/Sub[2]", "Text": "Seafood Chowder ", "TextSize": 11.977294921875, "attributes": {"Placement": "Block"}}, {"Bounds": [79.18881225585938, 485.0775604248047, 175.13656616210938, 499.6898651123047], "Font": {"alt_family_name": "CID Font+ F", "embedded": true, "encoding": "Identity-H", "family_name": "CID Font+ F 2", "font_type": "CIDFontType2", "italic": false, "monospaced": false, "name": "CIDFont+F2", "subset": false, "weight": 400}, "HasClip": false, "ObjectID": 506, "Page": 1, "Path": "//Document/P[2]/Sub[3]", "Text": "Tomato Basil Soup ", "TextSize": 11.977294921875, "attributes": {"Placement": "Block"}}, {"Bounds": [68.99612426757812, 455.80503845214844, 185.3029022216797, 485.05360412597656], "Font": {"alt_family_name": "CID Font+ F", "embedded": true, "encoding": "Identity-H", "family_name": "CID Font+ F 2", "font_type": "CIDFontType2", "italic": false, "monospaced": false, "name": "CIDFont+F2", "subset": false, "weight": 400}, "HasClip": false, "Lang": "en", "ObjectID": 507, "Page": 1, "Path": "//Document/P[3]", "Text": "Mushroom-Brie Bisque 94th Caesar Salad ", "TextSize": 11.977294921875, "attributes": {"LineHeight": 14.625, "TextAlign": "Center"}}, {"Bounds": [72.24197387695312, 441.1687774658203, 182.21875, 455.7810821533203], "Font": {"alt_family_name": "CID Font+ F", "embedded": true, "encoding": "Identity-H", "family_name": "CID Font+ F 2", "font_type": "CIDFontType2", "italic": false, "monospaced": false, "name": "CIDFont+F2", "subset": false, "weight": 400}, "HasClip": false, "ObjectID": 508, "Page": 1, "Path": "//Document/P[4]/Sub", "Text": "Mixed Garden Greens ", "TextSize": 11.977294921875, "attributes": {"Placement": "Block"}}, {"Bounds": [80.5302734375, 426.4127502441406, 174.21910095214844, 441.0250549316406], "Font": {"alt_family_name": "CID Font+ F", "embedded": true, "encoding": "Identity-H", "family_name": "CID Font+ F 2", "font_type": "CIDFontType2", "italic": false, "monospaced": false, "name": "CIDFont+F2", "subset": false, "weight": 400}, "HasClip": false, "ObjectID": 509, "Page": 1, "Path": "//Document/P[4]/Sub[2]", "Text": "Italian Pasta Salad ", "TextSize": 11.977294921875, "attributes": {"Placement": "Block"}}, {"Bounds": [61.45042419433594, 411.7764892578125, 193.0797576904297, 426.3887939453125], "Font": {"alt_family_name": "CID Font+ F", "embedded": true, "encoding": "Identity-H", "family_name": "CID Font+ F 2", "font_type": "CIDFontType2", "italic": false, "monospaced": false, "name": "CIDFont+F2", "subset": false, "weight": 400}, "HasClip": false, "ObjectID": 510, "Page": 1, "Path": "//Document/P[4]/Sub[3]", "Text": "Red Potato Salad with Dill ", "TextSize": 11.977294921875, "attributes": {"Placement": "Block"}}, {"Bounds": [70.80000305175781, 370.28440856933594, 184.26229858398438, 387.38075256347656], "Font": {"alt_family_name": "CID Font+ F", "embedded": true, "encoding": "Identity-H", "family_name": "CID Font+ F 1", "font_type": "CIDFontType2", "italic": false, "monospaced": false, "name": "CIDFont+F1", "subset": false, "weight": 400}, "HasClip": false, "Lang": "en", "ObjectID": 661, "Page": 1, "Path": "//Document/H2[2]", "Text": "ENTR\u00c9E CHOICES ", "TextSize": 14.013397216796875, "attributes": {"LineHeight": 16.875}}, {"Bounds": [80.63999938964844, 355.590087890625, 173.88328552246094, 370.202392578125], "Font": {"alt_family_name": "CID Font+ F", "embedded": true, "encoding": "Identity-H", "family_name": "CID Font+ F 2", "font_type": "CIDFontType2", "italic": false, "monospaced": false, "name": "CIDFont+F2", "subset": false, "weight": 400}, "HasClip": false, "Lang": "en", "ObjectID": 512, "Page": 1, "Path": "//Document/P[5]", "Text": "Roasted Pork Loin ", "TextSize": 11.977294921875, "attributes": {"LineHeight": 14.375}}, {"Bounds": [44.756011962890625, 311.6813049316406, 209.70619201660156, 355.5661315917969], "Font": {"alt_family_name": "CID Font+ F", "embedded": true, "encoding": "Identity-H", "family_name": "CID Font+ F 2", "font_type": "CIDFontType2", "italic": false, "monospaced": false, "name": "CIDFont+F2", "subset": false, "weight": 400}, "HasClip": false, "Lang": "en", "ObjectID": 513, "Page": 1, "Path": "//Document/P[6]", "Text": "Oven Roasted Peppered Chicken Tortellini Cassoulet Penne Bolognese ", "TextSize": 11.977294921875, "attributes": {"LineHeight": 14.625, "SpaceAfter": 18, "TextAlign": "Center"}}, {"Bounds": [81.47999572753906, 223.764404296875, 173.6587371826172, 240.8607635498047], "Font": {"alt_family_name": "CID Font+ F", "embedded": true, "encoding": "Identity-H", "family_name": "CID Font+ F 1", "font_type": "CIDFontType2", "italic": false, "monospaced": false, "name": "CIDFont+F1", "subset": false, "weight": 400}, "HasClip": false, "Lang": "en", "ObjectID": 656, "Page": 1, "Path": "//Document/H2[3]", "Text": "SIDE CHOICES ", "TextSize": 14.013397216796875, "attributes": {"LineHeight": 16.875}}, {"Bounds": [45.600006103515625, 194.55381774902344, 208.7200469970703, 223.80238342285156], "Font": {"alt_family_name": "CID Font+ F", "embedded": true, "encoding": "Identity-H", "family_name": "CID Font+ F 2", "font_type": "CIDFontType2", "italic": false, "monospaced": false, "name": "CIDFont+F2", "subset": false, "weight": 400}, "HasClip": false, "Lang": "en", "ObjectID": 515, "Page": 1, "Path": "//Document/P[7]", "Text": "Red Bliss Roasted Garlic Mashed Potatoes ", "TextSize": 11.977294921875, "attributes": {"LineHeight": 14.625, "TextAlign": "Center"}}, {"Bounds": [57.24192810058594, 165.2812957763672, 197.29251098632812, 194.5298614501953], "Font": {"alt_family_name": "CID Font+ F", "embedded": true, "encoding": "Identity-H", "family_name": "CID Font+ F 2", "font_type": "CIDFontType2", "italic": false, "monospaced": false, "name": "CIDFont+F2", "subset": false, "weight": 400}, "HasClip": false, "Lang": "en", "ObjectID": 516, "Page": 1, "Path": "//Document/P[8]", "Text": "Fresh Medley of Vegetables Pesto Grains ", "TextSize": 11.977294921875, "attributes": {"LineHeight": 14.625, "TextAlign": "Center"}}, {"Bounds": [225.1199951171875, 640.0858612060547, 391.5420227050781, 666.8263092041016], "Font": {"alt_family_name": "CID Font+ F", "embedded": true, "encoding": "Identity-H", "family_name": "CID Font+ F 1", "font_type": "CIDFontType2", "italic": false, "monospaced": false, "name": "CIDFont+F1", "subset": false, "weight": 400}, "HasClip": false, "Lang": "en", "ObjectID": 517, "Page": 1, "Path": "//Document/H1[4]", "Text": "$77++ per person ", "TextSize": 21.91839599609375, "attributes": {"LineHeight": 26.25, "SpaceAfter": 13.625, "TextAlign": "Center"}}, {"Bounds": [222.9469451904297, 570.5213012695312, 391.2423858642578, 629.0423889160156], "Font": {"alt_family_name": "CID Font+ F", "embedded": true, "encoding": "Identity-H", "family_name": "CID Font+ F 1", "font_type": "CIDFontType2", "italic": false, "monospaced": false, "name": "CIDFont+F1", "subset": false, "weight": 400}, "HasClip": false, "Lang": "en", "ObjectID": 518, "Page": 1, "Path": "//Document/P[9]", "Text": "Choice of Two (2) Salads, Two (2) Entr\u00e9es, and Two (2) Sides May Add Another Entr\u00e9e Choice for $6.00 Per Person ", "TextSize": 11.977294921875, "attributes": {"LineHeight": 14.625, "SpaceAfter": 18, "TextAlign": "Center"}}, {"Bounds": [228.24000549316406, 528.9244079589844, 386.4204559326172, 546.020751953125], "Font": {"alt_family_name": "CID Font+ F", "embedded": true, "encoding": "Identity-H", "family_name": "CID Font+ F 1", "font_type": "CIDFontType2", "italic": false, "monospaced": false, "name": "CIDFont+F1", "subset": false, "weight": 400}, "HasClip": false, "Lang": "en", "ObjectID": 649, "Page": 1, "Path": "//Document/H2[4]", "Text": "SOUP & SALAD CHOICES ", "TextSize": 14.013397216796875, "attributes": {"LineHeight": 16.875, "TextAlign": "Center"}}, {"Bounds": [272.1600036621094, 514.3500823974609, 342.1313934326172, 528.9623870849609], "Font": {"alt_family_name": "CID Font+ F", "embedded": true, "encoding": "Identity-H", "family_name": "CID Font+ F 2", "font_type": "CIDFontType2", "italic": false, "monospaced": false, "name": "CIDFont+F2", "subset": false, "weight": 400}, "HasClip": false, "ObjectID": 520, "Page": 1, "Path": "//Document/P[10]/Sub", "Text": "French Onion ", "TextSize": 11.977294921875, "attributes": {"Placement": "Block"}}, {"Bounds": [261.3564758300781, 499.7138214111328, 352.88819885253906, 514.3261260986328], "Font": {"alt_family_name": "CID Font+ F", "embedded": true, "encoding": "Identity-H", "family_name": "CID Font+ F 2", "font_type": "CIDFontType2", "italic": false, "monospaced": false, "name": "CIDFont+F2", "subset": false, "weight": 400}, "HasClip": false, "ObjectID": 521, "Page": 1, "Path": "//Document/P[10]/Sub[2]", "Text": "Seafood Chowder ", "TextSize": 11.977294921875, "attributes": {"Placement": "Block"}}, {"Bounds": [259.0688171386719, 485.0775604248047, 355.0165710449219, 499.6898651123047], "Font": {"alt_family_name": "CID Font+ F", "embedded": true, "encoding": "Identity-H", "family_name": "CID Font+ F 2", "font_type": "CIDFontType2", "italic": false, "monospaced": false, "name": "CIDFont+F2", "subset": false, "weight": 400}, "HasClip": false, "ObjectID": 522, "Page": 1, "Path": "//Document/P[10]/Sub[3]", "Text": "Tomato Basil Soup ", "TextSize": 11.977294921875, "attributes": {"Placement": "Block"}}, {"Bounds": [248.87612915039062, 470.44129943847656, 365.1828918457031, 485.05360412597656], "Font": {"alt_family_name": "CID Font+ F", "embedded": true, "encoding": "Identity-H", "family_name": "CID Font+ F 2", "font_type": "CIDFontType2", "italic": false, "monospaced": false, "name": "CIDFont+F2", "subset": false, "weight": 400}, "HasClip": false, "ObjectID": 523, "Page": 1, "Path": "//Document/P[10]/Sub[4]", "Text": "Mushroom-Brie Bisque ", "TextSize": 11.977294921875, "attributes": {"Placement": "Block"}}, {"Bounds": [261.11692810058594, 455.80503845214844, 353.11695861816406, 470.41734313964844], "Font": {"alt_family_name": "CID Font+ F", "embedded": true, "encoding": "Identity-H", "family_name": "CID Font+ F 2", "font_type": "CIDFontType2", "italic": false, "monospaced": false, "name": "CIDFont+F2", "subset": false, "weight": 400}, "HasClip": false, "ObjectID": 524, "Page": 1, "Path": "//Document/P[10]/Sub[5]", "Text": "94th Caesar Salad ", "TextSize": 11.977294921875, "attributes": {"Placement": "Block"}}, {"Bounds": [252.12197875976562, 441.1687774658203, 362.09873962402344, 455.7810821533203], "Font": {"alt_family_name": "CID Font+ F", "embedded": true, "encoding": "Identity-H", "family_name": "CID Font+ F 2", "font_type": "CIDFontType2", "italic": false, "monospaced": false, "name": "CIDFont+F2", "subset": false, "weight": 400}, "HasClip": false, "ObjectID": 525, "Page": 1, "Path": "//Document/P[10]/Sub[6]", "Text": "Mixed Garden Greens ", "TextSize": 11.977294921875, "attributes": {"Placement": "Block"}}, {"Bounds": [260.2904968261719, 426.4127502441406, 353.9793243408203, 441.0250549316406], "Font": {"alt_family_name": "CID Font+ F", "embedded": true, "encoding": "Identity-H", "family_name": "CID Font+ F 2", "font_type": "CIDFontType2", "italic": false, "monospaced": false, "name": "CIDFont+F2", "subset": false, "weight": 400}, "HasClip": false, "ObjectID": 526, "Page": 1, "Path": "//Document/P[10]/Sub[7]", "Text": "Italian Pasta Salad ", "TextSize": 11.977294921875, "attributes": {"Placement": "Block"}}, {"Bounds": [241.21066284179688, 411.7764892578125, 372.83998107910156, 426.3887939453125], "Font": {"alt_family_name": "CID Font+ F", "embedded": true, "encoding": "Identity-H", "family_name": "CID Font+ F 2", "font_type": "CIDFontType2", "italic": false, "monospaced": false, "name": "CIDFont+F2", "subset": false, "weight": 400}, "HasClip": false, "ObjectID": 527, "Page": 1, "Path": "//Document/P[10]/Sub[8]", "Text": "Red Potato Salad with Dill ", "TextSize": 11.977294921875, "attributes": {"Placement": "Block"}}, {"Bounds": [250.67999267578125, 370.28440856933594, 364.1422882080078, 387.38075256347656], "Font": {"alt_family_name": "CID Font+ F", "embedded": true, "encoding": "Identity-H", "family_name": "CID Font+ F 1", "font_type": "CIDFontType2", "italic": false, "monospaced": false, "name": "CIDFont+F1", "subset": false, "weight": 400}, "HasClip": false, "Lang": "en", "ObjectID": 636, "Page": 1, "Path": "//Document/H2[5]", "Text": "ENTR\u00c9E CHOICES ", "TextSize": 14.013397216796875, "attributes": {"LineHeight": 16.875, "TextAlign": "Center"}}, {"Bounds": [264.6000061035156, 355.590087890625, 349.72267150878906, 370.202392578125], "Font": {"alt_family_name": "CID Font+ F", "embedded": true, "encoding": "Identity-H", "family_name": "CID Font+ F 2", "font_type": "CIDFontType2", "italic": false, "monospaced": false, "name": "CIDFont+F2", "subset": false, "weight": 400}, "HasClip": false, "ObjectID": 529, "Page": 1, "Path": "//Document/P[11]/Sub", "Text": "Chicken Caprese ", "TextSize": 11.977294921875, "attributes": {"Placement": "Block"}}, {"Bounds": [247.68804931640625, 340.9538269042969, 366.4118347167969, 355.5661315917969], "Font": {"alt_family_name": "CID Font+ F", "embedded": true, "encoding": "Identity-H", "family_name": "CID Font+ F 2", "font_type": "CIDFontType2", "italic": false, "monospaced": false, "name": "CIDFont+F2", "subset": false, "weight": 400}, "HasClip": false, "ObjectID": 530, "Page": 1, "Path": "//Document/P[11]/Sub[2]", "Text": "Braised Beef Short Ribs ", "TextSize": 11.977294921875, "attributes": {"Placement": "Block"}}, {"Bounds": [232.08163452148438, 326.31756591796875, 381.9715576171875, 340.92987060546875], "Font": {"alt_family_name": "CID Font+ F", "embedded": true, "encoding": "Identity-H", "family_name": "CID Font+ F 2", "font_type": "CIDFontType2", "italic": false, "monospaced": false, "name": "CIDFont+F2", "subset": false, "weight": 400}, "HasClip": false, "ObjectID": 531, "Page": 1, "Path": "//Document/P[11]/Sub[3]", "Text": "Mahi-Mahi with Lemon Caper ", "TextSize": 11.977294921875, "attributes": {"Placement": "Block"}}, {"Bounds": [290.63865661621094, 311.6813049316406, 323.50555419921875, 326.2936096191406], "Font": {"alt_family_name": "CID Font+ F", "embedded": true, "encoding": "Identity-H", "family_name": "CID Font+ F 2", "font_type": "CIDFontType2", "italic": false, "monospaced": false, "name": "CIDFont+F2", "subset": false, "weight": 400}, "HasClip": false, "ObjectID": 532, "Page": 1, "Path": "//Document/P[11]/Sub[4]", "Text": "Sauce ", "TextSize": 11.977294921875, "attributes": {"Placement": "Block"}}, {"Bounds": [259.79710388183594, 297.0450439453125, 354.48484802246094, 311.6573486328125], "Font": {"alt_family_name": "CID Font+ F", "embedded": true, "encoding": "Identity-H", "family_name": "CID Font+ F 2", "font_type": "CIDFontType2", "italic": false, "monospaced": false, "name": "CIDFont+F2", "subset": false, "weight": 400}, "HasClip": false, "ObjectID": 533, "Page": 1, "Path": "//Document/P[11]/Sub[5]", "Text": "Chicken Parmesan ", "TextSize": 11.977294921875, "attributes": {"Placement": "Block"}}, {"Bounds": [269.76222229003906, 282.4087829589844, 344.2538299560547, 297.0210876464844], "Font": {"alt_family_name": "CID Font+ F", "embedded": true, "encoding": "Identity-H", "family_name": "CID Font+ F 2", "font_type": "CIDFontType2", "italic": false, "monospaced": false, "name": "CIDFont+F2", "subset": false, "weight": 400}, "HasClip": false, "ObjectID": 534, "Page": 1, "Path": "//Document/P[11]/Sub[6]", "Text": "Shrimp Ravioli ", "TextSize": 11.977294921875, "attributes": {"Placement": "Block"}}, {"Bounds": [244.0828857421875, 267.77252197265625, 370.10923767089844, 282.38482666015625], "Font": {"alt_family_name": "CID Font+ F", "embedded": true, "encoding": "Identity-H", "family_name": "CID Font+ F 2", "font_type": "CIDFontType2", "italic": false, "monospaced": false, "name": "CIDFont+F2", "subset": false, "weight": 400}, "HasClip": false, "ObjectID": 535, "Page": 1, "Path": "//Document/P[11]/Sub[7]", "Text": "Citrus Marinated Salmon ", "TextSize": 11.977294921875, "attributes": {"Placement": "Block"}}, {"Bounds": [261.24000549316406, 223.764404296875, 353.4187469482422, 240.8607635498047], "Font": {"alt_family_name": "CID Font+ F", "embedded": true, "encoding": "Identity-H", "family_name": "CID Font+ F 1", "font_type": "CIDFontType2", "italic": false, "monospaced": false, "name": "CIDFont+F1", "subset": false, "weight": 400}, "HasClip": false, "Lang": "en", "ObjectID": 624, "Page": 1, "Path": "//Document/H2[6]", "Text": "SIDE CHOICES ", "TextSize": 14.013397216796875, "attributes": {"LineHeight": 16.875, "TextAlign": "Center"}}, {"Bounds": [225.47999572753906, 194.55381774902344, 388.6000518798828, 223.80238342285156], "Font": {"alt_family_name": "CID Font+ F", "embedded": true, "encoding": "Identity-H", "family_name": "CID Font+ F 2", "font_type": "CIDFontType2", "italic": false, "monospaced": false, "name": "CIDFont+F2", "subset": false, "weight": 400}, "HasClip": false, "Lang": "en", "ObjectID": 537, "Page": 1, "Path": "//Document/P[12]", "Text": "Red Bliss Roasted Garlic Mashed Potatoes ", "TextSize": 11.977294921875, "attributes": {"LineHeight": 14.625, "TextAlign": "Center"}}, {"Bounds": [237.12193298339844, 179.9175567626953, 377.17250061035156, 194.5298614501953], "Font": {"alt_family_name": "CID Font+ F", "embedded": true, "encoding": "Identity-H", "family_name": "CID Font+ F 2", "font_type": "CIDFontType2", "italic": false, "monospaced": false, "name": "CIDFont+F2", "subset": false, "weight": 400}, "HasClip": false, "ObjectID": 538, "Page": 1, "Path": "//Document/P[13]/Sub", "Text": "Fresh Medley of Vegetables ", "TextSize": 11.977294921875, "attributes": {"Placement": "Block"}}, {"Bounds": [274.4312286376953, 165.2812957763672, 339.83447265625, 179.8936004638672], "Font": {"alt_family_name": "CID Font+ F", "embedded": true, "encoding": "Identity-H", "family_name": "CID Font+ F 2", "font_type": "CIDFontType2", "italic": false, "monospaced": false, "name": "CIDFont+F2", "subset": false, "weight": 400}, "HasClip": false, "ObjectID": 539, "Page": 1, "Path": "//Document/P[13]/Sub[2]", "Text": "Pesto Grains ", "TextSize": 11.977294921875, "attributes": {"Placement": "Block"}}, {"Bounds": [404.1600036621094, 640.0858612060547, 572.1820678710938, 666.8263092041016], "Font": {"alt_family_name": "CID Font+ F", "embedded": true, "encoding": "Identity-H", "family_name": "CID Font+ F 1", "font_type": "CIDFontType2", "italic": false, "monospaced": false, "name": "CIDFont+F1", "subset": false, "weight": 400}, "HasClip": false, "Lang": "en", "ObjectID": 540, "Page": 1, "Path": "//Document/H1[5]", "Text": "$83++ per person ", "TextSize": 21.91839599609375, "attributes": {"LineHeight": 26.25, "SpaceAfter": 14}}, {"Bounds": [408.6000061035156, 614.4300842285156, 565.2630767822266, 629.0423889160156], "Font": {"alt_family_name": "CID Font+ F", "embedded": true, "encoding": "Identity-H", "family_name": "CID Font+ F 1", "font_type": "CIDFontType2", "italic": false, "monospaced": false, "name": "CIDFont+F1", "subset": false, "weight": 400}, "HasClip": false, "Lang": "en", "ObjectID": 541, "Page": 1, "Path": "//Document/P[14]", "Text": "Choice of Two (2) Salads, Two ", "TextSize": 11.977294921875, "attributes": {"LineHeight": 14.375, "TextAlign": "Center"}}, {"Bounds": [409.4264373779297, 599.7938232421875, 425.8437194824219, 614.4061279296875], "Font": {"alt_family_name": "CID Font+ F", "embedded": true, "encoding": "Identity-H", "family_name": "CID Font+ F 1", "font_type": "CIDFontType2", "italic": false, "monospaced": false, "name": "CIDFont+F1", "subset": false, "weight": 400}, "HasClip": false, "ObjectID": 542, "Page": 1, "Path": "//Document/L/LI/Lbl", "Text": "(2) ", "TextSize": 11.977294921875}, {"Bounds": [402.8269348144531, 570.5213012695312, 571.1223754882812, 614.4061279296875], "Font": {"alt_family_name": "CID Font+ F", "embedded": true, "encoding": "Identity-H", "family_name": "CID Font+ F 1", "font_type": "CIDFontType2", "italic": false, "monospaced": false, "name": "CIDFont+F1", "subset": false, "weight": 400}, "HasClip": false, "ObjectID": 543, "Page": 1, "Path": "//Document/L/LI/LBody", "Text": "Entr\u00e9es, and Two (2) Sides May Add Another Entr\u00e9e Choice for $6.00 Per Person ", "TextSize": 11.977294921875}, {"Bounds": [408.1199951171875, 528.9244079589844, 566.3004608154297, 546.020751953125], "Font": {"alt_family_name": "CID Font+ F", "embedded": true, "encoding": "Identity-H", "family_name": "CID Font+ F 1", "font_type": "CIDFontType2", "italic": false, "monospaced": false, "name": "CIDFont+F1", "subset": false, "weight": 400}, "HasClip": false, "Lang": "en", "ObjectID": 611, "Page": 1, "Path": "//Document/H2[7]", "Text": "SOUP & SALAD CHOICES ", "TextSize": 14.013397216796875, "attributes": {"LineHeight": 16.875, "TextAlign": "Center"}}, {"Bounds": [452.0399932861328, 514.3500823974609, 522.0113830566406, 528.9623870849609], "Font": {"alt_family_name": "CID Font+ F", "embedded": true, "encoding": "Identity-H", "family_name": "CID Font+ F 2", "font_type": "CIDFontType2", "italic": false, "monospaced": false, "name": "CIDFont+F2", "subset": false, "weight": 400}, "HasClip": false, "ObjectID": 545, "Page": 1, "Path": "//Document/P[15]/Sub", "Text": "French Onion ", "TextSize": 11.977294921875, "attributes": {"Placement": "Block"}}, {"Bounds": [441.2364807128906, 499.7138214111328, 532.7682037353516, 514.3261260986328], "Font": {"alt_family_name": "CID Font+ F", "embedded": true, "encoding": "Identity-H", "family_name": "CID Font+ F 2", "font_type": "CIDFontType2", "italic": false, "monospaced": false, "name": "CIDFont+F2", "subset": false, "weight": 400}, "HasClip": false, "ObjectID": 546, "Page": 1, "Path": "//Document/P[15]/Sub[2]", "Text": "Seafood Chowder ", "TextSize": 11.977294921875, "attributes": {"Placement": "Block"}}, {"Bounds": [438.9488067626953, 485.0775604248047, 534.8965606689453, 499.6898651123047], "Font": {"alt_family_name": "CID Font+ F", "embedded": true, "encoding": "Identity-H", "family_name": "CID Font+ F 2", "font_type": "CIDFontType2", "italic": false, "monospaced": false, "name": "CIDFont+F2", "subset": false, "weight": 400}, "HasClip": false, "ObjectID": 547, "Page": 1, "Path": "//Document/P[15]/Sub[3]", "Text": "Tomato Basil Soup ", "TextSize": 11.977294921875, "attributes": {"Placement": "Block"}}, {"Bounds": [428.7561340332031, 470.44129943847656, 545.0628967285156, 485.05360412597656], "Font": {"alt_family_name": "CID Font+ F", "embedded": true, "encoding": "Identity-H", "family_name": "CID Font+ F 2", "font_type": "CIDFontType2", "italic": false, "monospaced": false, "name": "CIDFont+F2", "subset": false, "weight": 400}, "HasClip": false, "ObjectID": 548, "Page": 1, "Path": "//Document/P[15]/Sub[4]", "Text": "Mushroom-Brie Bisque ", "TextSize": 11.977294921875, "attributes": {"Placement": "Block"}}, {"Bounds": [440.99693298339844, 455.80503845214844, 532.9969635009766, 470.41734313964844], "Font": {"alt_family_name": "CID Font+ F", "embedded": true, "encoding": "Identity-H", "family_name": "CID Font+ F 2", "font_type": "CIDFontType2", "italic": false, "monospaced": false, "name": "CIDFont+F2", "subset": false, "weight": 400}, "HasClip": false, "ObjectID": 549, "Page": 1, "Path": "//Document/P[15]/Sub[5]", "Text": "94th Caesar Salad ", "TextSize": 11.977294921875, "attributes": {"Placement": "Block"}}, {"Bounds": [432.0019836425781, 441.1687774658203, 541.9787445068359, 455.7810821533203], "Font": {"alt_family_name": "CID Font+ F", "embedded": true, "encoding": "Identity-H", "family_name": "CID Font+ F 2", "font_type": "CIDFontType2", "italic": false, "monospaced": false, "name": "CIDFont+F2", "subset": false, "weight": 400}, "HasClip": false, "ObjectID": 550, "Page": 1, "Path": "//Document/P[15]/Sub[6]", "Text": "Mixed Garden Greens ", "TextSize": 11.977294921875, "attributes": {"Placement": "Block"}}, {"Bounds": [440.1705017089844, 426.4127502441406, 533.8593292236328, 441.0250549316406], "Font": {"alt_family_name": "CID Font+ F", "embedded": true, "encoding": "Identity-H", "family_name": "CID Font+ F 2", "font_type": "CIDFontType2", "italic": false, "monospaced": false, "name": "CIDFont+F2", "subset": false, "weight": 400}, "HasClip": false, "ObjectID": 551, "Page": 1, "Path": "//Document/P[15]/Sub[7]", "Text": "Italian Pasta Salad ", "TextSize": 11.977294921875, "attributes": {"Placement": "Block"}}, {"Bounds": [421.0906524658203, 411.7764892578125, 552.7199859619141, 426.3887939453125], "Font": {"alt_family_name": "CID Font+ F", "embedded": true, "encoding": "Identity-H", "family_name": "CID Font+ F 2", "font_type": "CIDFontType2", "italic": false, "monospaced": false, "name": "CIDFont+F2", "subset": false, "weight": 400}, "HasClip": false, "ObjectID": 552, "Page": 1, "Path": "//Document/P[15]/Sub[8]", "Text": "Red Potato Salad with Dill ", "TextSize": 11.977294921875, "attributes": {"Placement": "Block"}}, {"Bounds": [430.55999755859375, 370.28440856933594, 544.0222930908203, 387.38075256347656], "Font": {"alt_family_name": "CID Font+ F", "embedded": true, "encoding": "Identity-H", "family_name": "CID Font+ F 1", "font_type": "CIDFontType2", "italic": false, "monospaced": false, "name": "CIDFont+F1", "subset": false, "weight": 400}, "HasClip": false, "Lang": "en", "ObjectID": 598, "Page": 1, "Path": "//Document/H2[8]", "Text": "ENTR\u00c9E CHOICES ", "TextSize": 14.013397216796875, "attributes": {"LineHeight": 16.875, "TextAlign": "Center"}}, {"Bounds": [441.0, 355.590087890625, 533.0934600830078, 370.202392578125], "Font": {"alt_family_name": "CID Font+ F", "embedded": true, "encoding": "Identity-H", "family_name": "CID Font+ F 2", "font_type": "CIDFontType2", "italic": false, "monospaced": false, "name": "CIDFont+F2", "subset": false, "weight": 400}, "HasClip": false, "ObjectID": 554, "Page": 1, "Path": "//Document/P[16]/Sub", "Text": "Lobster Spaghetti ", "TextSize": 11.977294921875, "attributes": {"Placement": "Block"}}, {"Bounds": [432.6039123535156, 340.9538269042969, 541.4308624267578, 355.5661315917969], "Font": {"alt_family_name": "CID Font+ F", "embedded": true, "encoding": "Identity-H", "family_name": "CID Font+ F 2", "font_type": "CIDFontType2", "italic": false, "monospaced": false, "name": "CIDFont+F2", "subset": false, "weight": 400}, "HasClip": false, "ObjectID": 555, "Page": 1, "Path": "//Document/P[16]/Sub[2]", "Text": "New York Strip Steak ", "TextSize": 11.977294921875, "attributes": {"Placement": "Block"}}, {"Bounds": [431.2864074707031, 326.31756591796875, 542.6381683349609, 340.92987060546875], "Font": {"alt_family_name": "CID Font+ F", "embedded": true, "encoding": "Identity-H", "family_name": "CID Font+ F 2", "font_type": "CIDFontType2", "italic": false, "monospaced": false, "name": "CIDFont+F2", "subset": false, "weight": 400}, "HasClip": false, "ObjectID": 556, "Page": 1, "Path": "//Document/P[16]/Sub[3]", "Text": "Herb Crusted Seabass ", "TextSize": 11.977294921875, "attributes": {"Placement": "Block"}}, {"Bounds": [407.6551971435547, 311.6813049316406, 565.9567718505859, 326.2936096191406], "Font": {"alt_family_name": "CID Font+ F", "embedded": true, "encoding": "Identity-H", "family_name": "CID Font+ F 2", "font_type": "CIDFontType2", "italic": false, "monospaced": false, "name": "CIDFont+F2", "subset": false, "weight": 400}, "HasClip": false, "ObjectID": 557, "Page": 1, "Path": "//Document/P[16]/Sub[4]", "Text": "Crab Stuffed Jumbo Shell Pasta ", "TextSize": 11.977294921875, "attributes": {"Placement": "Block"}}, {"Bounds": [441.1199951171875, 223.764404296875, 533.2987365722656, 240.8607635498047], "Font": {"alt_family_name": "CID Font+ F", "embedded": true, "encoding": "Identity-H", "family_name": "CID Font+ F 1", "font_type": "CIDFontType2", "italic": false, "monospaced": false, "name": "CIDFont+F1", "subset": false, "weight": 400}, "HasClip": false, "Lang": "en", "ObjectID": 589, "Page": 1, "Path": "//Document/H2[9]", "Text": "SIDE CHOICES ", "TextSize": 14.013397216796875, "attributes": {"LineHeight": 16.875, "TextAlign": "Center"}}, {"Bounds": [405.36000061035156, 194.55381774902344, 568.4800415039062, 223.80238342285156], "Font": {"alt_family_name": "CID Font+ F", "embedded": true, "encoding": "Identity-H", "family_name": "CID Font+ F 2", "font_type": "CIDFontType2", "italic": false, "monospaced": false, "name": "CIDFont+F2", "subset": false, "weight": 400}, "HasClip": false, "Lang": "en", "ObjectID": 559, "Page": 1, "Path": "//Document/P[17]", "Text": "Red Bliss Roasted Garlic Mashed Potatoes ", "TextSize": 11.977294921875, "attributes": {"LineHeight": 14.625, "TextAlign": "Center"}}, {"Bounds": [417.00193786621094, 179.9175567626953, 557.0525054931641, 194.5298614501953], "Font": {"alt_family_name": "CID Font+ F", "embedded": true, "encoding": "Identity-H", "family_name": "CID Font+ F 2", "font_type": "CIDFontType2", "italic": false, "monospaced": false, "name": "CIDFont+F2", "subset": false, "weight": 400}, "HasClip": false, "ObjectID": 560, "Page": 1, "Path": "//Document/P[18]/Sub", "Text": "Fresh Medley of Vegetables ", "TextSize": 11.977294921875, "attributes": {"Placement": "Block"}}, {"Bounds": [446.75355529785156, 165.2812957763672, 527.3044891357422, 179.8936004638672], "Font": {"alt_family_name": "CID Font+ F", "embedded": true, "encoding": "Identity-H", "family_name": "CID Font+ F 2", "font_type": "CIDFontType2", "italic": false, "monospaced": false, "name": "CIDFont+F2", "subset": false, "weight": 400}, "HasClip": false, "ObjectID": 561, "Page": 1, "Path": "//Document/P[18]/Sub[2]", "Text": "Confit Potatoes ", "TextSize": 11.977294921875, "attributes": {"Placement": "Block"}}, {"Bounds": [454.31121826171875, 150.5252685546875, 519.7144622802734, 165.1375732421875], "Font": {"alt_family_name": "CID Font+ F", "embedded": true, "encoding": "Identity-H", "family_name": "CID Font+ F 2", "font_type": "CIDFontType2", "italic": false, "monospaced": false, "name": "CIDFont+F2", "subset": false, "weight": 400}, "HasClip": false, "ObjectID": 562, "Page": 1, "Path": "//Document/P[18]/Sub[3]", "Text": "Pesto Grains ", "TextSize": 11.977294921875, "attributes": {"Placement": "Block"}}, {"Bounds": [54.720001220703125, 51.1199951171875, 170.63999938964844, 121.44000244140625], "ClipBounds": [54.720001220703125, 51.1199951171875, 170.63999938964844, 121.44000244140625], "ObjectID": 563, "Page": 1, "Path": "//Document/Figure[3]", "attributes": {"BBox": [54.71779999999853, 51.15009999999893, 170.63299999999435, 121.46699999999691], "Placement": "Block"}, "filePaths": ["figures/fileoutpart2.png"]}, {"Bounds": [223.67999267578125, 109.0557861328125, 543.107421875, 121.18392944335938], "Font": {"alt_family_name": "CID Font+ F", "embedded": true, "encoding": "Identity-H", "family_name": "CID Font+ F 2", "font_type": "CIDFontType2", "italic": false, "monospaced": false, "name": "CIDFont+F2", "subset": false, "weight": 400}, "HasClip": false, "ObjectID": 564, "Page": 1, "Path": "//Document/P[19]/Sub", "Text": "All prices are subject to a 20% taxable service charge and applicable sales tax. ", "TextSize": 9.94110107421875, "attributes": {"Placement": "Block"}}, {"Bounds": [245.04342651367188, 96.81829833984375, 521.8692626953125, 108.94642639160156], "Font": {"alt_family_name": "CID Font+ F", "embedded": true, "encoding": "Identity-H", "family_name": "CID Font+ F 2", "font_type": "CIDFontType2", "italic": false, "monospaced": false, "name": "CIDFont+F2", "subset": false, "weight": 400}, "HasClip": false, "ObjectID": 565, "Page": 1, "Path": "//Document/P[19]/Sub[2]", "Text": "Final entr\u00e9e counts are due four (4) business days before the event. ", "TextSize": 9.94110107421875, "attributes": {"Placement": "Block"}}, {"Bounds": [202.81362915039062, 84.58079528808594, 563.8535003662109, 96.70893859863281], "Font": {"alt_family_name": "CID Font+ F", "embedded": true, "encoding": "Identity-H", "family_name": "CID Font+ F 2", "font_type": "CIDFontType2", "italic": false, "monospaced": false, "name": "CIDFont+F2", "subset": false, "weight": 400}, "HasClip": false, "ObjectID": 566, "Page": 1, "Path": "//Document/P[19]/Sub[3]", "Text": "Custom menus may be designed upon request. Prices subject to change without notice. ", "TextSize": 9.94110107421875, "attributes": {"Placement": "Block"}}, {"Bounds": [205.21937561035156, 60.22509765625, 561.3115692138672, 72.35324096679688], "Font": {"alt_family_name": "CID Font+ F", "embedded": true, "encoding": "Identity-H", "family_name": "CID Font+ F 2", "font_type": "CIDFontType2", "italic": false, "monospaced": false, "name": "CIDFont+F2", "subset": false, "weight": 400}, "HasClip": false, "Lang": "en", "ObjectID": 567, "Page": 1, "Path": "//Document/P[20]", "Text": "8885 Balboa Avenue, San Diego, CA 92123 (858) 560-6771 info@94thsandiego.com ", "TextSize": 9.94110107421875, "attributes": {"LineHeight": 11.875, "SpaceAfter": 18}}, {"Bounds": [23.0625, 23.07000732421875, 44.347503662109375, 34.14750671386719], "ObjectID": 568, "Page": 1, "Path": "//Document/Figure[4]", "attributes": {"BBox": [23.878999999999905, 23.791299999999865, 44.39819999999963, 33.99079999999958], "Placement": "Block"}, "filePaths": ["figures/fileoutpart3.png"]}, {"Bounds": [32.399993896484375, 32.8800048828125, 579.6000061035156, 759.6000061035156], "ClipBounds": [32.74900817871094, 32.9010009765625, 576.3470458984375, 759.2509765625], "ObjectID": 453, "Page": 2, "Path": "//Document/Figure[5]", "attributes": {"BBox": [32.99869999999828, 33.15089999999873, 576.0969999999797, 759.0009999999893], "Placement": "Block"}, "filePaths": ["figures/fileoutpart4.png"]}, {"Bounds": [32.399993896484375, 32.8800048828125, 579.6000061035156, 759.6000061035156], "ClipBounds": [32.74900817871094, 32.9010009765625, 576.3470458984375, 759.2509765625], "Font": {"alt_family_name": "* Times New Roman", "embedded": true, "encoding": "Identity-H", "family_name": "* Times New Roman", "font_type": "CIDFontType0", "italic": false, "monospaced": false, "name": "*Times New Roman-Bold-2646", "subset": false, "weight": 700}, "HasClip": false, "ObjectID": 453, "Page": 2, "Path": "//Document/Figure[5]", "Text": "PLATED BANQUET MENU Please select ONE SALAD and ONE DESSERT for your event. Choice of Two Entrees (excluding Vegetarian Choice) Add $3++/ per person for choice of Three Entrees A minimum of25 guests must be guaranteed (50 guests for private event). $65++ per person plus service charge and sales tax SALADS WHITE BALSAMIC VINAIGRETTE or CLASSIC CAESAR served with dinner rolls ENTREES PRIME RIB of BEEF 8 oz. slow-roasted, creamy horseradish, garlic mashed potatoes, seasonal vegetables OSSOBUCO saffron risotto, gremolata AIRLINE CHICKEN cilantro pumpkin seed pesto, wild rice pilaf, grilled broccolini, charred onion SEARED SALMON dill mustard sauce, herb-roasted fingerling potatoes, asparagus VEGETARIAN PASTA cilantro pesto, roasted heirloom tomato, grilled broccolini, asparagus, Parmigiano NEW YORK STRIP (ADD $10++ per person) chimichurri, roasted garlic mashed potatoes, seasonal vegetables DESSERT TIRAMISU CARROT CAKE NEW YORK STYLE CHEESECAKE with fresh jam 0 All prices subject to a 20% taxable service charge and applicable sales tax. Final entree counts are due four (4) business days before the event. Custom menus may be designed upon request. Prices subject to change without notice. 94m AERO SQUADRON RESTAURANT info@94thsandiego.com (858) 560-6771 8885 Balboa Avenue, San Diego CA 92123 5/24 ", "TextSize": 30.0, "attributes": {"BBox": [32.99869999999828, 33.15089999999873, 576.0969999999797, 759.0009999999893], "Placement": "Block"}}, {"Bounds": [237.83999633789062, 706.6068878173828, 376.7489776611328, 720.0501861572266], "Font": {"alt_family_name": "CID Font+ F", "embedded": true, "encoding": "Identity-H", "family_name": "CID Font+ F 1", "font_type": "CIDFontType2", "italic": false, "monospaced": false, "name": "CIDFont+F1", "subset": false, "weight": 400}, "HasClip": false, "Lang": "en", "ObjectID": 451, "Page": 3, "Path": "//Document/H3", "Text": "Banquet Policies & Guidelines ", "TextSize": 11.01910400390625, "attributes": {"LineHeight": 13.25, "SpaceAfter": 9, "TextAlign": "Center"}}, {"Bounds": [72.0, 670.7235717773438, 540.2621612548828, 697.6101837158203], "Font": {"alt_family_name": "CID Font+ F", "embedded": true, "encoding": "Identity-H", "family_name": "CID Font+ F 2", "font_type": "CIDFontType2", "italic": false, "monospaced": false, "name": "CIDFont+F2", "subset": false, "weight": 400}, "HasClip": false, "Lang": "en", "ObjectID": 419, "Page": 3, "Path": "//Document/P[21]", "Text": "Food, beverage, DJ, audiovisual rental, chair cover rental, and any other fees are subject to a 20% service charge and 7.75% sales tax. California state law s\u2022pulates that service charges are taxable. ", "TextSize": 11.01910400390625, "attributes": {"LineHeight": 13.5, "SpaceAfter": 13.5}}, {"Bounds": [72.01101684570312, 616.9613952636719, 536.4065856933594, 657.2912902832031], "Font": {"alt_family_name": "CID Font+ F", "embedded": true, "encoding": "Identity-H", "family_name": "CID Font+ F 2", "font_type": "CIDFontType2", "italic": false, "monospaced": false, "name": "CIDFont+F2", "subset": false, "weight": 400}, "HasClip": false, "Lang": "en", "ObjectID": 420, "Page": 3, "Path": "//Document/P[22]", "Text": "We require a $300.00 non-refundable and non-transferable deposit to reserve the date and \u2022me. Menu choices, menu counts, guest count, final payment, dietary restric\u2022ons, and special requests are due at least one (1) week prior to your event date. ", "TextSize": 11.01910400390625, "attributes": {"LineHeight": 13.5, "SpaceAfter": 13.5}}, {"Bounds": [72.06611633300781, 576.6425018310547, 538.6588897705078, 603.5291137695312], "Font": {"alt_family_name": "CID Font+ F", "embedded": true, "encoding": "Identity-H", "family_name": "CID Font+ F 2", "font_type": "CIDFontType2", "italic": false, "monospaced": false, "name": "CIDFont+F2", "subset": false, "weight": 400}, "HasClip": false, "Lang": "en", "ObjectID": 421, "Page": 3, "Path": "//Document/P[23]", "Text": "Food and beverage prices can be guaranteed no more than six (6) months in advance. Pricing prior to six months is subject to change. ", "TextSize": 11.01910400390625, "attributes": {"LineHeight": 13.5, "SpaceAfter": 13.375}}, {"Bounds": [72.07713317871094, 509.5472106933594, 542.2841644287109, 563.3204040527344], "Font": {"alt_family_name": "CID Font+ F", "embedded": true, "encoding": "Identity-H", "family_name": "CID Font+ F 2", "font_type": "CIDFontType2", "italic": false, "monospaced": false, "name": "CIDFont+F2", "subset": false, "weight": 400}, "HasClip": false, "Lang": "en", "ObjectID": 422, "Page": 3, "Path": "//Document/P[24]", "Text": "Decora\u2022ons such as confe\u00ab, gli\u00a9er, sand, rice, helium balloons, and live candles are prohibited. Real flowers may be used as centerpieces, but any potpourri or flower petals sca\u00a9ered on the tables must be ar\u2022ficial. A cleaning fee of $500.00 will be added to your bill if any of the prohibited decora\u2022ons are used during your event. ", "TextSize": 11.01910400390625, "attributes": {"LineHeight": 13.5, "SpaceAfter": 13.5}}, {"Bounds": [72.08815002441406, 469.2283172607422, 524.3065032958984, 496.1149139404297], "Font": {"alt_family_name": "CID Font+ F", "embedded": true, "encoding": "Identity-H", "family_name": "CID Font+ F 2", "font_type": "CIDFontType2", "italic": false, "monospaced": false, "name": "CIDFont+F2", "subset": false, "weight": 400}, "HasClip": false, "Lang": "en", "ObjectID": 423, "Page": 3, "Path": "//Document/P[25]", "Text": "All personal items and decora\u2022ons must be removed from the venue at the conclusion of your event. 94th Aero Squadron Restaurant is not responsible for items leL, lost, misplaced, damaged, or stolen. ", "TextSize": 11.01910400390625, "attributes": {"LineHeight": 13.5, "SpaceAfter": 13.375, "TextAlign": "Justify"}}, {"Bounds": [72.07713317871094, 402.1330108642578, 532.3625640869141, 455.9062194824219], "Font": {"alt_family_name": "CID Font+ F", "embedded": true, "encoding": "Identity-H", "family_name": "CID Font+ F 2", "font_type": "CIDFontType2", "italic": false, "monospaced": false, "name": "CIDFont+F2", "subset": false, "weight": 400}, "HasClip": false, "Lang": "en", "ObjectID": 424, "Page": 3, "Path": "//Document/P[26]", "Text": "Under no circumstances will outside food or beverage be brought into the venue space by the engager, guests, or invitees without the permission of 94th Aero Squadron Restaurant. 94th Aero Squadron Restaurant reserves the right to refuse or charge for the service and/or cleanup of such food and beverage. ", "TextSize": 11.01910400390625, "attributes": {"LineHeight": 13.5, "SpaceAfter": 13.5}}, {"Bounds": [72.08815002441406, 321.4842224121094, 540.1685028076172, 388.7007293701172], "Font": {"alt_family_name": "CID Font+ F", "embedded": true, "encoding": "Identity-H", "family_name": "CID Font+ F 2", "font_type": "CIDFontType2", "italic": false, "monospaced": false, "name": "CIDFont+F2", "subset": false, "weight": 400}, "HasClip": false, "Lang": "en", "ObjectID": 425, "Page": 3, "Path": "//Document/P[27]", "Text": "Damage or vandalism to the property that occurs during the event period, by any member a\u00a9ending the engager\u2019s event, will be the sole responsibility of the engager. Damage or vandalism will be shown to the engager before repairs are made. However, 94th Aero Squadron Restaurant has sole discre\u2022on of who performs the repairs and what replacement products are used, and all fees incurred will be the financial responsibility of the engager. ", "TextSize": 11.01910400390625, "attributes": {"LineHeight": 13.5, "SpaceAfter": 13.375}}, {"Bounds": [72.11018371582031, 281.27552795410156, 532.7306060791016, 308.16212463378906], "Font": {"alt_family_name": "CID Font+ F", "embedded": true, "encoding": "Identity-H", "family_name": "CID Font+ F 2", "font_type": "CIDFontType2", "italic": false, "monospaced": false, "name": "CIDFont+F2", "subset": false, "weight": 400}, "HasClip": false, "Lang": "en", "ObjectID": 426, "Page": 3, "Path": "//Document/P[28]", "Text": "Restaurant regula\u009fons do not permit the removal of bu\ufb00et food or beverages at the conclusion of your func\u009fon. ", "TextSize": 11.01910400390625, "attributes": {"LineHeight": 13.5, "SpaceAfter": 13.5}}, {"Bounds": [72.11018371582031, 227.51333618164062, 532.2744140625, 267.84324645996094], "Font": {"alt_family_name": "CID Font+ F", "embedded": true, "encoding": "Identity-H", "family_name": "CID Font+ F 2", "font_type": "CIDFontType2", "italic": false, "monospaced": false, "name": "CIDFont+F2", "subset": false, "weight": 400}, "HasClip": false, "Lang": "en", "ObjectID": 427, "Page": 3, "Path": "//Document/P[29]", "Text": "In the best interest of your guests, 94th Aero Squadron Restaurant reserves the right to relocate any scheduled outdoor event indoors. All weather decisions will be made a minimum of five (5) hours prior to the start of the func\u2022on. Once the decision is made, it is final. ", "TextSize": 11.01910400390625, "attributes": {"LineHeight": 13.5, "SpaceAfter": 13.5}}, {"Bounds": [72.1212158203125, 173.8723602294922, 530.8683776855469, 214.0810546875], "Font": {"alt_family_name": "CID Font+ F", "embedded": true, "encoding": "Identity-H", "family_name": "CID Font+ F 2", "font_type": "CIDFontType2", "italic": false, "monospaced": false, "name": "CIDFont+F2", "subset": false, "weight": 400}, "HasClip": false, "Lang": "en", "ObjectID": 428, "Page": 3, "Path": "//Document/P[30]", "Text": "By signing below, you acknowledge that you have read and understood all the terms and condi\u2022ons listed above. Failure to abide by these policies may result in the cancella\u2022on of your event without any refunds. ", "TextSize": 11.01910400390625, "attributes": {"LineHeight": 13.375, "SpaceAfter": 18}}, {"Bounds": [72.14324951171875, 133.553466796875, 358.60679626464844, 146.9967803955078], "Font": {"alt_family_name": "CID Font+ F", "embedded": true, "encoding": "Identity-H", "family_name": "CID Font+ F 2", "font_type": "CIDFontType2", "italic": false, "monospaced": false, "name": "CIDFont+F2", "subset": false, "weight": 400}, "HasClip": false, "Lang": "en", "ObjectID": 429, "Page": 3, "Path": "//Document/P[31]", "Text": "Engager Name: _______________________________________ ", "TextSize": 11.01910400390625, "attributes": {"LineHeight": 13.25, "SpaceAfter": 18}}, {"Bounds": [72.14324951171875, 79.79129028320312, 374.2428894042969, 93.23458862304688], "Font": {"alt_family_name": "CID Font+ F", "embedded": true, "encoding": "Identity-H", "family_name": "CID Font+ F 2", "font_type": "CIDFontType2", "italic": false, "monospaced": false, "name": "CIDFont+F2", "subset": false, "weight": 400}, "HasClip": false, "Lang": "en", "ObjectID": 430, "Page": 3, "Path": "//Document/P[32]", "Text": "Engager Signature: _______________________________________ ", "TextSize": 11.01910400390625, "attributes": {"LineHeight": 13.25}}, {"Bounds": [403.80714416503906, 79.79129028320312, 542.4825134277344, 93.23458862304688], "Font": {"alt_family_name": "CID Font+ F", "embedded": true, "encoding": "Identity-H", "family_name": "CID Font+ F 2", "font_type": "CIDFontType2", "italic": false, "monospaced": false, "name": "CIDFont+F2", "subset": false, "weight": 400}, "HasClip": false, "Lang": "en", "ObjectID": 431, "Page": 3, "Path": "//Document/P[33]", "Text": "Date: ____________________ ", "TextSize": 11.01910400390625, "attributes": {"LineHeight": 13.25, "TextAlign": "End"}}, {"Bounds": [-153.0, 401.8149719238281, 765.0, 818.6015014648438], "ClipBounds": [-153.0, 401.8149719238281, 765.0, 818.6015014648438], "ObjectID": 402, "Page": 4, "Path": "//Document/Figure[6]", "attributes": {"BBox": [0.0, 404.05599999999686, 611.9749999999767, 792.0], "Placement": "Block"}, "filePaths": ["figures/fileoutpart5.png"]}, {"Bounds": [52.42893981933594, 48.616302490234375, 302.04815673828125, 298.2355041503906], "ObjectID": 403, "Page": 4, "Path": "//Document/Figure[7]", "attributes": {"BBox": [52.79789999999957, 48.870199999999386, 301.7879999999859, 297.85999999998603], "BackgroundColor": [0.5411829999999895, 0.6431429999999807, 0.8156889999999919], "Placement": "Block"}, "filePaths": ["figures/fileoutpart6.png"]}, {"Bounds": [333.79600524902344, 259.10760498046875, 567.7160949707031, 364.70599365234375], "ClipBounds": [333.79600524902344, 259.10760498046875, 567.7160949707031, 364.70599365234375], "ObjectID": 404, "Page": 4, "Path": "//Document/Figure[8]", "attributes": {"BBox": [333.8259999999864, 259.10199999999895, 567.6969999999856, 364.69699999998556], "Placement": "Block"}, "filePaths": ["figures/fileoutpart7.png"]}, {"Bounds": [328.43748474121094, 117.56011962890625, 569.3385314941406, 358.46116638183594], "ObjectID": 405, "Page": 4, "Path": "//Document/Figure[9]", "attributes": {"BBox": [330.58699999999953, 235.10299999999552, 567.3369999999995, 240.74199999999837], "Placement": "Block"}, "filePaths": ["figures/fileoutpart8.png"]}, {"Bounds": [352.4709930419922, 192.93846130371094, 553.5545501708984, 213.7930450439453], "Font": {"alt_family_name": "Raleway", "embedded": true, "encoding": "Identity-H", "family_name": "Raleway", "font_type": "CIDFontType2", "italic": false, "monospaced": false, "name": "XHHKLP+Raleway", "subset": true, "weight": 400}, "HasClip": false, "ObjectID": 406, "Page": 4, "Path": "//Document/H1[6]/Sub", "Text": "8885 BALBOA AVENUE ", "TextSize": 18.024703979492188, "attributes": {"Placement": "Block"}}, {"Bounds": [360.1134796142578, 166.91079711914062, 545.9120788574219, 187.765380859375], "Font": {"alt_family_name": "Raleway", "embedded": true, "encoding": "Identity-H", "family_name": "Raleway", "font_type": "CIDFontType2", "italic": false, "monospaced": false, "name": "XHHKLP+Raleway", "subset": true, "weight": 400}, "HasClip": false, "ObjectID": 407, "Page": 4, "Path": "//Document/H1[6]/Sub[2]", "Text": "SAN DIEGO, CA 92123 ", "TextSize": 18.024703979492188, "attributes": {"Placement": "Block"}}, {"Bounds": [388.8808898925781, 140.8831329345703, 517.1626892089844, 161.7377166748047], "Font": {"alt_family_name": "Raleway", "embedded": true, "encoding": "Identity-H", "family_name": "Raleway", "font_type": "CIDFontType2", "italic": false, "monospaced": false, "name": "XHHKLP+Raleway", "subset": true, "weight": 400}, "HasClip": false, "Lang": "en", "ObjectID": 408, "Page": 4, "Path": "//Document/H1[7]", "Text": "(858) 560-6771 ", "TextSize": 18.024703979492188, "attributes": {"LineHeight": 21.625, "TextAlign": "Center"}}, {"Bounds": [22.3916015625, 724.5261077880859, 32.741790771484375, 752.8359222412109], "Font": {"alt_family_name": "Raleway", "embedded": true, "encoding": "Identity-H", "family_name": "Raleway", "font_type": "CIDFontType2", "italic": false, "monospaced": false, "name": "REOKZZ+Raleway", "subset": true, "weight": 400}, "HasClip": false, "ObjectID": 357, "Page": 5, "Path": "//Document/L[2]/LI/Lbl", "Text": "-", "TextSize": 24.468307495117188}, {"Bounds": [32.74168395996094, 724.5261077880859, 260.6639099121094, 752.8359222412109], "Font": {"alt_family_name": "Raleway", "embedded": true, "encoding": "Identity-H", "family_name": "Raleway", "font_type": "CIDFontType2", "italic": false, "monospaced": false, "name": "REOKZZ+Raleway", "subset": true, "weight": 400}, "HasClip": false, "ObjectID": 358, "Page": 5, "Path": "//Document/L[2]/LI/LBody", "Text": " Established in 1976 ", "TextSize": 24.468307495117188}, {"Bounds": [22.3916015625, 695.017333984375, 32.741790771484375, 723.3271484375], "Font": {"alt_family_name": "Raleway", "embedded": true, "encoding": "Identity-H", "family_name": "Raleway", "font_type": "CIDFontType2", "italic": false, "monospaced": false, "name": "REOKZZ+Raleway", "subset": true, "weight": 400}, "HasClip": false, "ObjectID": 359, "Page": 5, "Path": "//Document/L[2]/LI[2]/Lbl", "Text": "-", "TextSize": 24.468307495117188}, {"Bounds": [22.3916015625, 665.5085601806641, 593.57958984375, 723.3271484375], "Font": {"alt_family_name": "Raleway", "embedded": true, "encoding": "Identity-H", "family_name": "Raleway", "font_type": "CIDFontType2", "italic": false, "monospaced": false, "name": "REOKZZ+Raleway", "subset": true, "weight": 400}, "HasClip": false, "ObjectID": 360, "Page": 5, "Path": "//Document/L[2]/LI[2]/LBody", "Text": " Conveniently located in Kearny Mesa, just 15 minutes away from San Diego International Airport ", "TextSize": 24.468307495117188}, {"Bounds": [22.3916015625, 635.9997863769531, 32.741790771484375, 664.3096160888672], "Font": {"alt_family_name": "Raleway", "embedded": true, "encoding": "Identity-H", "family_name": "Raleway", "font_type": "CIDFontType2", "italic": false, "monospaced": false, "name": "REOKZZ+Raleway", "subset": true, "weight": 400}, "HasClip": false, "ObjectID": 361, "Page": 5, "Path": "//Document/L[2]/LI[3]/Lbl", "Text": "-", "TextSize": 24.468307495117188}, {"Bounds": [32.74168395996094, 635.9997863769531, 580.2444610595703, 664.3096160888672], "Font": {"alt_family_name": "Raleway", "embedded": true, "encoding": "Identity-H", "family_name": "Raleway", "font_type": "CIDFontType2", "italic": false, "monospaced": false, "name": "REOKZZ+Raleway", "subset": true, "weight": 400}, "HasClip": false, "ObjectID": 362, "Page": 5, "Path": "//Document/L[2]/LI[3]/LBody", "Text": " Landmark destination with 2+ acres overlooking ", "TextSize": 24.468307495117188}, {"Bounds": [22.3916015625, 606.4910278320312, 448.53150939941406, 634.8008422851562], "Font": {"alt_family_name": "Raleway", "embedded": true, "encoding": "Identity-H", "family_name": "Raleway", "font_type": "CIDFontType2", "italic": false, "monospaced": false, "name": "REOKZZ+Raleway", "subset": true, "weight": 400}, "HasClip": false, "Lang": "en", "ObjectID": 363, "Page": 5, "Path": "//Document/P[34]", "Text": "Montgomery-Gibbs Executive Airport ", "TextSize": 24.468307495117188, "attributes": {"LineHeight": 29.375}}, {"Bounds": [22.3916015625, 576.9822540283203, 32.741790771484375, 605.2920684814453], "Font": {"alt_family_name": "Raleway", "embedded": true, "encoding": "Identity-H", "family_name": "Raleway", "font_type": "CIDFontType2", "italic": false, "monospaced": false, "name": "REOKZZ+Raleway", "subset": true, "weight": 400}, "HasClip": false, "ObjectID": 364, "Page": 5, "Path": "//Document/L[3]/LI/Lbl", "Text": "-", "TextSize": 24.468307495117188}, {"Bounds": [32.74168395996094, 576.9822540283203, 536.4216461181641, 605.2920684814453], "Font": {"alt_family_name": "Raleway", "embedded": true, "encoding": "Identity-H", "family_name": "Raleway", "font_type": "CIDFontType2", "italic": false, "monospaced": false, "name": "REOKZZ+Raleway", "subset": true, "weight": 400}, "HasClip": false, "ObjectID": 365, "Page": 5, "Path": "//Document/L[3]/LI/LBody", "Text": " 9,000+ sq. ft. with indoor and outdoor dining ", "TextSize": 24.468307495117188}, {"Bounds": [22.3916015625, 547.4734802246094, 32.741790771484375, 575.7833099365234], "Font": {"alt_family_name": "Raleway", "embedded": true, "encoding": "Identity-H", "family_name": "Raleway", "font_type": "CIDFontType2", "italic": false, "monospaced": false, "name": "REOKZZ+Raleway", "subset": true, "weight": 400}, "HasClip": false, "ObjectID": 366, "Page": 5, "Path": "//Document/L[3]/LI[2]/Lbl", "Text": "-", "TextSize": 24.468307495117188}, {"Bounds": [32.74168395996094, 547.4734802246094, 440.4814453125, 575.7833099365234], "Font": {"alt_family_name": "Raleway", "embedded": true, "encoding": "Identity-H", "family_name": "Raleway", "font_type": "CIDFontType2", "italic": false, "monospaced": false, "name": "REOKZZ+Raleway", "subset": true, "weight": 400}, "HasClip": false, "ObjectID": 367, "Page": 5, "Path": "//Document/L[3]/LI[2]/LBody", "Text": " Private parking lot with 175+ spaces ", "TextSize": 24.468307495117188}, {"Bounds": [22.3916015625, 517.9647064208984, 32.741790771484375, 546.2745361328125], "Font": {"alt_family_name": "Raleway", "embedded": true, "encoding": "Identity-H", "family_name": "Raleway", "font_type": "CIDFontType2", "italic": false, "monospaced": false, "name": "REOKZZ+Raleway", "subset": true, "weight": 400}, "HasClip": false, "ObjectID": 368, "Page": 5, "Path": "//Document/L[3]/LI[3]/Lbl", "Text": "-", "TextSize": 24.468307495117188}, {"Bounds": [32.74168395996094, 517.9647064208984, 398.518310546875, 546.2745361328125], "Font": {"alt_family_name": "Raleway", "embedded": true, "encoding": "Identity-H", "family_name": "Raleway", "font_type": "CIDFontType2", "italic": false, "monospaced": false, "name": "REOKZZ+Raleway", "subset": true, "weight": 400}, "HasClip": false, "ObjectID": 369, "Page": 5, "Path": "//Document/L[3]/LI[3]/LBody", "Text": " Full liquor license with two bars ", "TextSize": 24.468307495117188}, {"Bounds": [22.3916015625, 488.45594787597656, 32.741790771484375, 516.7657623291016], "Font": {"alt_family_name": "Raleway", "embedded": true, "encoding": "Identity-H", "family_name": "Raleway", "font_type": "CIDFontType2", "italic": false, "monospaced": false, "name": "REOKZZ+Raleway", "subset": true, "weight": 400}, "HasClip": false, "ObjectID": 370, "Page": 5, "Path": "//Document/L[3]/LI[4]/Lbl", "Text": "-", "TextSize": 24.468307495117188}, {"Bounds": [22.3916015625, 458.9471740722656, 556.8256072998047, 516.7657623291016], "Font": {"alt_family_name": "Raleway", "embedded": true, "encoding": "Identity-H", "family_name": "Raleway", "font_type": "CIDFontType2", "italic": false, "monospaced": false, "name": "REOKZZ+Raleway", "subset": true, "weight": 400}, "HasClip": false, "ObjectID": 371, "Page": 5, "Path": "//Document/L[3]/LI[4]/LBody", "Text": " DJ booth, dance floor, AV equipment, and live entertainment license ", "TextSize": 24.468307495117188}, {"Bounds": [117.50599670410156, 397.2429962158203, 219.10400390625, 410.1719970703125], "ObjectID": 372, "Page": 5, "Path": "//Document/Aside/Figure", "attributes": {"BBox": [117.71499999999651, 397.3359999999957, 218.99099999999453, 409.93599999998696], "BackgroundColor": [0.7725519999999904, 0.8235319999999717, 0.9058839999999861], "Placement": "Block", "SpaceAfter": 17.25}, "filePaths": ["figures/fileoutpart9.png"]}, {"Bounds": [24.171737670898438, 296.07948303222656, 324.5201416015625, 389.7692565917969], "Font": {"alt_family_name": "Raleway", "embedded": true, "encoding": "Identity-H", "family_name": "Raleway", "font_type": "CIDFontType2", "italic": false, "monospaced": false, "name": "REOKZZ+Raleway", "subset": true, "weight": 400}, "HasClip": false, "Lang": "en", "ObjectID": 373, "Page": 5, "Path": "//Document/Aside/P", "Text": "LOCATION HIGHLIGHTS ", "TextSize": 48.318603515625, "attributes": {"LineHeight": 37.625, "SpaceAfter": 18, "TextAlign": "Center"}}, {"Bounds": [27.785903930664062, 11.535293579101562, 314.1009063720703, 289.1389923095703], "ClipBounds": [27.785903930664062, 21.408004760742188, 314.1009063720703, 289.1389923095703], "ObjectID": 374, "Page": 5, "Path": "//Document/Aside/Figure[2]", "attributes": {"BBox": [27.83889999999974, 21.6312999999991, 314.1469999999972, 288.85999999998603], "BackgroundColor": [0.7725519999999904, 0.8235319999999717, 0.9058839999999861], "Placement": "Block", "SpaceAfter": 18}, "filePaths": ["figures/fileoutpart10.png"]}, {"Bounds": [339.92401123046875, 206.46299743652344, 612.073974609375, 424.76397705078125], "ClipBounds": [339.92401123046875, 206.46299743652344, 612.073974609375, 424.76397705078125], "ObjectID": 375, "Page": 5, "Path": "//Document/Figure[10]", "attributes": {"BBox": [340.18599999998696, 206.5439999999944, 611.734999999986, 424.5749999999971], "Placement": "Block"}, "filePaths": ["figures/fileoutpart11.png"]}, {"Bounds": [350.6130065917969, 107.43600463867188, 476.927001953125, 194.73910522460938], "ClipBounds": [350.6130065917969, 107.43600463867188, 476.927001953125, 194.73910522460938], "ObjectID": 376, "Page": 5, "Path": "//Document/Figure[11]", "attributes": {"BBox": [350.6259999999893, 107.42799999999988, 476.8609999999899, 194.78399999999965], "Placement": "Block"}, "filePaths": ["figures/fileoutpart12.png"]}, {"Bounds": [476.9290008544922, 20.13189697265625, 603.4550018310547, 107.43479919433594], "ClipBounds": [476.9290008544922, 20.13189697265625, 603.4550018310547, 107.43479919433594], "ObjectID": 377, "Page": 5, "Path": "//Document/Figure[12]", "attributes": {"BBox": [476.8609999999899, 20.191399999999703, 603.4549999999872, 107.42799999999988], "Placement": "Block"}, "filePaths": ["figures/fileoutpart13.png"]}, {"Bounds": [34.4461669921875, 690.9671783447266, 426.5726013183594, 750.3362579345703], "Font": {"alt_family_name": "Abril Fatface", "embedded": true, "encoding": "Identity-H", "family_name": "Abril Fatface", "font_type": "CIDFontType2", "italic": false, "monospaced": false, "name": "BIFTZJ+AbrilFatface-Regular", "subset": true, "weight": 400}, "HasClip": false, "Lang": "en", "ObjectID": 325, "Page": 6, "Path": "//Document/H1[8]", "Text": "History of the 94th ", "TextSize": 44.00970458984375, "attributes": {"LineHeight": 52.875, "SpaceAfter": 18}}, {"Bounds": [474.80409240722656, 703.1822814941406, 562.3065795898438, 767.8199005126953], "ObjectID": 326, "Page": 6, "Path": "//Document/Figure[13]", "attributes": {"BBox": [475.42099999998754, 703.8039999999746, 561.6969999999856, 767.2809999999881], "Placement": "Block"}, "filePaths": ["figures/fileoutpart14.png"]}, {"Bounds": [34.44309997558594, 660.7834777832031, 122.00115966796875, 680.9918670654297], "Font": {"alt_family_name": "Raleway", "embedded": true, "encoding": "Identity-H", "family_name": "Raleway", "font_type": "CIDFontType2", "italic": false, "monospaced": false, "name": "LAGDKB+Raleway", "subset": true, "weight": 400}, "HasClip": false, "Lang": "en", "ObjectID": 327, "Page": 6, "Path": "//Document/P[35]", "Text": "Issue 2021 ", "TextSize": 17.466201782226562, "attributes": {"LineHeight": 21}}, {"Bounds": [489.1268005371094, 660.746337890625, 590.2893524169922, 680.9998474121094], "Font": {"alt_family_name": "Raleway", "embedded": true, "encoding": "Identity-H", "family_name": "Raleway", "font_type": "CIDFontType2", "italic": false, "monospaced": false, "name": "LAGDKB+Raleway", "subset": true, "weight": 400}, "HasClip": false, "Lang": "en", "ObjectID": 328, "Page": 6, "Path": "//Document/P[36]", "Text": "August 1917 ", "TextSize": 17.505203247070312, "attributes": {"LineHeight": 21, "SpaceAfter": 18}}, {"Bounds": [-40.01359558105469, 425.38075256347656, 380.1477355957031, 635.3330078125], "ClipBounds": [35.00425720214844, 425.38075256347656, 310.20018005371094, 635.3330078125], "ObjectID": 329, "Page": 6, "Path": "//Document/Figure[14]", "attributes": {"BBox": [35.15859999999884, 425.4149999999936, 310.06699999999546, 635.2859999999928], "Placement": "Block"}, "filePaths": ["figures/fileoutpart15.png"]}, {"Bounds": [42.79530334472656, 332.78558349609375, 303.97288513183594, 415.00750732421875], "Font": {"alt_family_name": "Abril Fatface", "embedded": true, "encoding": "Identity-H", "family_name": "Abril Fatface", "font_type": "CIDFontType2", "italic": false, "monospaced": false, "name": "BIFTZJ+AbrilFatface-Regular", "subset": true, "weight": 400}, "HasClip": false, "Lang": "en", "ObjectID": 330, "Page": 6, "Path": "//Document/H2[10]", "Text": "The 94th Aero Squadron was an Air Service, United States Army unit that fought on the Western Front during World War I. ", "TextSize": 17.505203247070312, "attributes": {"LineHeight": 19.5, "SpaceAfter": 6.625, "TextAlign": "Justify"}}, {"Bounds": [42.79730224609375, 277.2740020751953, 304.8162536621094, 329.55055236816406], "Font": {"alt_family_name": "Raleway", "embedded": true, "encoding": "Identity-H", "family_name": "Raleway", "font_type": "CIDFontType2", "italic": false, "monospaced": false, "name": "LAGDKB+Raleway", "subset": true, "weight": 400}, "HasClip": false, "Lang": "en", "ObjectID": 331, "Page": 6, "Path": "//Document/P[37]", "Text": "The squadron was one of the first American fighter squadrons to see combat service. It scored more victories than any other American squadron during the First World War. ", "TextSize": 12.003799438476562, "attributes": {"LineHeight": 12.75}}, {"Bounds": [336.2061767578125, 585.6996307373047, 571.4446563720703, 637.9641876220703], "Font": {"alt_family_name": "Raleway", "embedded": true, "encoding": "Identity-H", "family_name": "Raleway", "font_type": "CIDFontType2", "italic": false, "monospaced": false, "name": "LAGDKB+Raleway", "subset": true, "weight": 400}, "HasClip": false, "Lang": "en", "ObjectID": 332, "Page": 6, "Path": "//Document/P[38]", "Text": "The 94th was highly publicized in the American print media of the time, and its exploits \u201cover there\u201d were widely reported on the home front. ", "TextSize": 12.003799438476562, "attributes": {"LineHeight": 12.75}}, {"Bounds": [336.2061767578125, 560.0835266113281, 550.8701324462891, 586.7679748535156], "Font": {"alt_family_name": "Raleway", "embedded": true, "encoding": "Identity-H", "family_name": "Raleway", "font_type": "CIDFontType2", "italic": false, "monospaced": false, "name": "LAGDKB+Raleway", "subset": true, "weight": 400}, "HasClip": false, "Lang": "en", "ObjectID": 333, "Page": 6, "Path": "//Document/P[39]", "Text": "Three notable air aces served with the squadron; ", "TextSize": 12.003799438476562, "attributes": {"LineHeight": 12.75}}, {"Bounds": [336.2061767578125, 508.9113311767578, 555.5516204833984, 561.1878814697266], "Font": {"alt_family_name": "Raleway", "embedded": true, "encoding": "Identity-H", "family_name": "Raleway", "font_type": "CIDFontType2", "italic": false, "monospaced": false, "name": "LAGDKB+Raleway", "subset": true, "weight": 400}, "HasClip": false, "Lang": "en", "ObjectID": 334, "Page": 6, "Path": "//Document/P[40]", "Text": "Eddie Rickenbacker, who was awarded almost every decoration attainable, including the Medal of Honor and the Distinguished Service Cross. ", "TextSize": 12.003799438476562, "attributes": {"LineHeight": 12.75}}, {"Bounds": [336.2061767578125, 444.9310760498047, 569.416015625, 509.9796600341797], "Font": {"alt_family_name": "Raleway", "embedded": true, "encoding": "Identity-H", "family_name": "Raleway", "font_type": "CIDFontType2", "italic": false, "monospaced": false, "name": "LAGDKB+Raleway", "subset": true, "weight": 400}, "HasClip": false, "Lang": "en", "ObjectID": 335, "Page": 6, "Path": "//Document/P[41]", "Text": "Douglas Campbell was the first American trained pilot to become an air ace. He shared the honor of having the first official victory over an enemy aircraft with Alan Winslow. ", "TextSize": 12.003799438476562, "attributes": {"LineHeight": 12.75}}, {"Bounds": [336.2061767578125, 406.5069122314453, 564.6144866943359, 445.98741149902344], "Font": {"alt_family_name": "Raleway", "embedded": true, "encoding": "Identity-H", "family_name": "Raleway", "font_type": "CIDFontType2", "italic": false, "monospaced": false, "name": "LAGDKB+Raleway", "subset": true, "weight": 400}, "HasClip": false, "Lang": "en", "ObjectID": 336, "Page": 6, "Path": "//Document/P[42]", "Text": "Raoul Lufbery, attained 17 aerial victories before leaping to his death from a fiery Nieuport 28 aircraft in May 1918. ", "TextSize": 12.003799438476562, "attributes": {"LineHeight": 12.75}}, {"Bounds": [336.2061767578125, 278.54640197753906, 582.9683074951172, 407.59925842285156], "Font": {"alt_family_name": "Raleway", "embedded": true, "encoding": "Identity-H", "family_name": "Raleway", "font_type": "CIDFontType2", "italic": false, "monospaced": false, "name": "LAGDKB+Raleway", "subset": true, "weight": 400}, "HasClip": false, "Lang": "en", "ObjectID": 337, "Page": 6, "Path": "//Document/P[43]", "Text": "The squadron emblem, the \u201cHat in the Ring\u201d became a symbol in the minds of the American public of the American Air Service of WWI. The design was to resemble a departure of the phrase tossing one\u2019s \u201chat in the ring\u201d- and was intended to honor the United States entry into the war. Rickenbacker was fond of the design, as he describes in his journal entry for April 12, 1918: ", "TextSize": 12.003799438476562, "attributes": {"LineHeight": 12.75, "SpaceAfter": 18}}, {"Bounds": [55.005706787109375, 173.9219207763672, 565.1177368164062, 261.7317657470703], "Font": {"alt_family_name": "Abril Fatface", "embedded": true, "encoding": "Identity-H", "family_name": "Abril Fatface", "font_type": "CIDFontType2", "italic": false, "monospaced": false, "name": "BIFTZJ+AbrilFatface-Regular", "subset": true, "weight": 400}, "HasClip": false, "Lang": "en", "ObjectID": 338, "Page": 6, "Path": "//Document/P[44]", "Text": "\u201cHave been busy all day painting squadron insignia on my plane. Ours is a most interesting one as we have Uncle Sam\u2019s hat upside down in a ring with national colors\u2014it\u2019s very good looking.\u201d ", "TextSize": 18.690902709960938, "attributes": {"LineHeight": 20.875, "SpaceAfter": 18}}, {"Bounds": [42.79730224609375, 53.07902526855469, 571.6247100830078, 156.86387634277344], "Font": {"alt_family_name": "Raleway", "embedded": true, "encoding": "Identity-H", "family_name": "Raleway", "font_type": "CIDFontType2", "italic": false, "monospaced": false, "name": "LAGDKB+Raleway", "subset": true, "weight": 400}, "HasClip": false, "Lang": "en", "ObjectID": 339, "Page": 6, "Path": "//Document/P[45]", "Text": "After the 1918 Armistice with Germany, the squadron returned to the United States in June 1919 and became part of the permanent United States Army Air Service in 1921. The current United States Air Force unit which holds its lineage and history is the 94th Fighter Squadron, assigned to the 1st Operations Group, Joint Base Langley- Eustis, Virginia. Still in existence today, 94th Aero Squadron has a long rich history dating back to its humble beginnings in Texas on August 20, 1917 during WWI. 94th Aero Squadron Restaurants are inspired by its founder\u2019s experience. As an aviator in WWII, David Tallichet flew over 20 missions in a B-17 Bomber and his passion for flying seen in our Restaurant here. ", "TextSize": 12.003799438476562, "attributes": {"LineHeight": 12.875, "SpaceAfter": 10.375}}, {"Bounds": [360.571533203125, 16.272003173828125, 596.6082763671875, 39.978118896484375], "Font": {"alt_family_name": "Raleway", "embedded": true, "encoding": "Identity-H", "family_name": "Raleway", "font_type": "CIDFontType2", "italic": false, "monospaced": false, "name": "LAGDKB+Raleway", "subset": true, "weight": 400}, "HasClip": false, "Lang": "en", "ObjectID": 340, "Page": 6, "Path": "//Document/P[46]", "Text": "Photos on next page >>> ", "TextSize": 20.489303588867188, "attributes": {"LineHeight": 24.625, "TextAlign": "End"}}, {"Bounds": [-39.49656677246094, -49.28837585449219, 612.1648864746094, 792.1650543212891], "ClipBounds": [0.8300018310546875, 617.2769775390625, 610.3049926757812, 790.0899658203125], "ObjectID": 317, "Page": 7, "Path": "//Document/Figure[15]", "attributes": {"BBox": [1.0799599999999714, 617.5269999999728, 610.054999999993, 789.8399999999965], "Placement": "Block"}, "filePaths": ["figures/fileoutpart16.png"]}, {"Bounds": [-39.49656677246094, -49.28837585449219, 612.1648864746094, 792.1650543212891], "ClipBounds": [0.8300018310546875, 617.2769775390625, 610.3049926757812, 790.0899658203125], "ObjectID": 317, "Page": 7, "Path": "//Document/Figure[15]", "attributes": {"BBox": [1.0799599999999714, 617.5269999999728, 610.054999999993, 789.8399999999965], "Placement": "Block"}}, {"Bounds": [-39.49656677246094, -49.28837585449219, 612.1648864746094, 792.1650543212891], "ClipBounds": [1.910003662109375, 307.44000244140625, 606.5849609375, 604.0980224609375], "ObjectID": 318, "Page": 7, "Path": "//Document/Figure[16]", "attributes": {"BBox": [2.159909999999968, 309.5, 606.3349999999919, 603.8479999999981], "Placement": "Block"}, "filePaths": ["figures/fileoutpart17.png"]}, {"Bounds": [-39.49656677246094, -49.28837585449219, 612.1648864746094, 792.1650543212891], "ClipBounds": [1.910003662109375, 307.44000244140625, 606.5849609375, 604.0980224609375], "ObjectID": 318, "Page": 7, "Path": "//Document/Figure[16]", "attributes": {"BBox": [2.159909999999968, 309.5, 606.3349999999919, 603.8479999999981], "Placement": "Block"}}, {"Bounds": [107.03999328613281, 6.1199951171875, 107.27999877929688, 6.600006103515625], "ClipBounds": [107.03999328613281, 6.1199951171875, 107.27999877929688, 6.600006103515625], "ObjectID": 319, "Page": 7, "Path": "//Document/Figure[17]", "attributes": {"BBox": [107.03599999999642, 6.271969999999783, 107.27599999999802, 6.511959999999817], "Placement": "Block"}, "filePaths": ["figures/fileoutpart18.png"]}, {"Bounds": [-39.49656677246094, -49.28837585449219, 612.1648864746094, 792.1650543212891], "ClipBounds": [1.910003662109375, 0.5019989013671875, 612.1648864746094, 302.7900085449219], "ObjectID": 320, "Page": 7, "Path": "//Document/Figure[18]", "attributes": {"BBox": [2.159909999999968, 0.7521969999999953, 611.9749999999767, 302.5399999999936], "Placement": "Block"}, "filePaths": ["figures/fileoutpart19.png"]}, {"Bounds": [-39.49656677246094, -49.28837585449219, 612.1648864746094, 792.1650543212891], "ClipBounds": [1.910003662109375, 0.5019989013671875, 612.1648864746094, 302.7900085449219], "ObjectID": 320, "Page": 7, "Path": "//Document/Figure[18]", "attributes": {"BBox": [2.159909999999968, 0.7521969999999953, 611.9749999999767, 302.5399999999936], "Placement": "Block"}}, {"Bounds": [-3.219635009765625, -0.3978424072265625, 617.1624755859375, 801.7378082275391], "ClipBounds": [-3.219635009765625, -0.3978424072265625, 617.1624755859375, 801.7378082275391], "ObjectID": 315, "Page": 8, "Path": "//Document/Figure[19]", "attributes": {"BBox": [1.0799599999999714, 0.6322019999999782, 610.8949999999895, 792.0], "Placement": "Block"}, "filePaths": ["figures/fileoutpart20.png"]}, {"Bounds": [-3.219635009765625, -0.3978424072265625, 617.1624755859375, 801.7378082275391], "ClipBounds": [-3.219635009765625, -0.3978424072265625, 617.1624755859375, 801.7378082275391], "Font": {"alt_family_name": "* Times New Roman", "embedded": true, "encoding": "Identity-H", "family_name": "* Times New Roman", "font_type": "CIDFontType0", "italic": false, "monospaced": false, "name": "*Times New Roman-3185", "subset": false, "weight": 400}, "HasClip": false, "ObjectID": 315, "Page": 8, "Path": "//Document/Figure[19]", "Text": "-y\u0141 ! /, .. ; \u2022\u2022 ( 1 .\u00b7\u00b7;..: f/ 1 /. 1 \u0141. 1 \u2022 ", "TextSize": 30.0, "attributes": {"BBox": [1.0799599999999714, 0.6322019999999782, 610.8949999999895, 792.0], "Placement": "Block"}}, {"Bounds": [-0.1650543212890625, -80.44046020507812, 711.9010314941406, 873.8125], "ClipBounds": [-0.1650543212890625, -80.44046020507812, 711.9010314941406, 873.8125], "ObjectID": 309, "Page": 9, "Path": "//Document/Figure[20]", "attributes": {"BBox": [0.0, 0.0322265999999995, 611.9749999999767, 792.0], "Placement": "Block"}, "filePaths": ["figures/fileoutpart21.png"]}, {"Bounds": [-0.1650543212890625, -80.44046020507812, 711.9010314941406, 873.8125], "ClipBounds": [-0.1650543212890625, -80.44046020507812, 711.9010314941406, 873.8125], "ObjectID": 309, "Page": 9, "Path": "//Document/Figure[20]", "attributes": {"BBox": [0.0, 0.0322265999999995, 611.9749999999767, 792.0], "Placement": "Block"}}, {"Bounds": [-0.1650543212890625, -80.44046020507812, 711.9010314941406, 873.8125], "ClipBounds": [1.910003662109375, 526.0809936523438, 609.7049560546875, 790.0899658203125], "ObjectID": 310, "Page": 9, "Path": "//Document/Figure[21]", "attributes": {"BBox": [2.159909999999968, 526.3309999999765, 609.4549999999872, 789.8399999999965], "Placement": "Block"}, "filePaths": ["figures/fileoutpart22.png"]}, {"Bounds": [-0.1650543212890625, -80.44046020507812, 711.9010314941406, 873.8125], "ClipBounds": [1.910003662109375, 526.0809936523438, 609.7049560546875, 790.0899658203125], "ObjectID": 310, "Page": 9, "Path": "//Document/Figure[21]", "attributes": {"BBox": [2.159909999999968, 526.3309999999765, 609.4549999999872, 789.8399999999965], "Placement": "Block"}}, {"Bounds": [-0.1650543212890625, -80.44046020507812, 711.9010314941406, 873.8125], "ClipBounds": [6.4799957275390625, 0.3820037841796875, 608.9849853515625, 266.4309997558594], "ObjectID": 311, "Page": 9, "Path": "//Document/Figure[22]", "attributes": {"BBox": [17.63929999999982, 0.6322019999999782, 608.734999999986, 266.18099999999686], "Placement": "Block"}, "filePaths": ["figures/fileoutpart23.png"]}, {"Bounds": [-0.1650543212890625, -80.44046020507812, 711.9010314941406, 873.8125], "ClipBounds": [6.4799957275390625, 0.3820037841796875, 608.9849853515625, 266.4309997558594], "ObjectID": 311, "Page": 9, "Path": "//Document/Figure[22]", "attributes": {"BBox": [17.63929999999982, 0.6322019999999782, 608.734999999986, 266.18099999999686], "Placement": "Block"}}, {"Bounds": [70.2879638671875, 692.6190795898438, 332.9909973144531, 747.8428955078125], "Font": {"alt_family_name": "Raleway", "embedded": true, "encoding": "Identity-H", "family_name": "Raleway", "font_type": "CIDFontType2", "italic": false, "monospaced": false, "name": "UGCGFC+Raleway", "subset": true, "weight": 400}, "HasClip": false, "Lang": "en", "ObjectID": 283, "Page": 10, "Path": "//Document/H1[9]", "Text": "Seats 25 People or More When Booked Together with Flight Deck and/or Airport Patio ", "TextSize": 18.005813598632812, "attributes": {"LineHeight": 17.25, "SpaceAfter": 18, "TextAlign": "Center"}}, {"Bounds": [115.87837219238281, 634.3162536621094, 287.38258361816406, 672.3445281982422], "Font": {"alt_family_name": "Raleway", "embedded": true, "encoding": "Identity-H", "family_name": "Raleway", "font_type": "CIDFontType2", "italic": false, "monospaced": false, "name": "UGCGFC+Raleway", "subset": true, "weight": 400}, "HasClip": false, "Lang": "en", "ObjectID": 284, "Page": 10, "Path": "//Document/H2[11]", "Text": "Ideal for Wedding & Cocktail Receptions ", "TextSize": 18.005813598632812, "attributes": {"LineHeight": 17.125, "SpaceAfter": 18, "TextAlign": "Justify"}}, {"Bounds": [64.26216125488281, 517.2113189697266, 428.5702362060547, 640.3323211669922], "ObjectID": 285, "Page": 10, "Path": "//Document/Figure[23]", "attributes": {"BBox": [64.43739999999889, 537.9699999999721, 427.6629999999859, 617.0469999999914], "Placement": "Block"}, "filePaths": ["figures/fileoutpart24.png"]}, {"Bounds": [390.1750030517578, 521.437255859375, 605.3982391357422, 844.2457122802734], "ClipBounds": [390.1750030517578, 530.3980712890625, 605.3982391357422, 785.5630493164062], "ObjectID": 286, "Page": 10, "Path": "//Document/Figure[24]", "attributes": {"BBox": [390.1039999999921, 530.5309999999881, 605.375, 785.3999999999942], "Placement": "Block"}, "filePaths": ["figures/fileoutpart25.png"]}, {"Bounds": [-25.077728271484375, 267.80506896972656, 407.09356689453125, 550.6446990966797], "ClipBounds": [6.4368896484375, 267.80506896972656, 407.09356689453125, 550.6446990966797], "ObjectID": 287, "Page": 10, "Path": "//Document/Figure[25]", "attributes": {"BBox": [6.599729999999909, 267.8609999999899, 401.50399999998626, 523.9309999999823], "Placement": "Block"}, "filePaths": ["figures/fileoutpart26.png"]}, {"Bounds": [35.952056884765625, 190.83934020996094, 196.02525329589844, 247.95643615722656], "ObjectID": 288, "Page": 10, "Path": "//Document/Aside[2]/Figure", "attributes": {"BBox": [36.118499999998676, 190.94399999999587, 195.9519999999975, 247.82199999999284], "Placement": "Block", "SpaceAfter": 14.25}, "filePaths": ["figures/fileoutpart27.png"]}, {"Bounds": [28.78485107421875, 88.93820190429688, 200.88323974609375, 178.55313110351562], "Font": {"alt_family_name": "Raleway", "embedded": true, "encoding": "Identity-H", "family_name": "Raleway", "font_type": "CIDFontType2", "italic": false, "monospaced": false, "name": "UGCGFC+Raleway", "subset": true, "weight": 400}, "HasClip": false, "Lang": "en", "ObjectID": 289, "Page": 10, "Path": "//Document/Aside[2]/P", "Text": "Seats 75 People or More When Booked Together with West Patio, Airport Patio, & Gazebo ", "TextSize": 18.005813598632812, "attributes": {"LineHeight": 17.25, "SpaceAfter": 18, "TextAlign": "Center"}}, {"Bounds": [50.12159729003906, 29.717086791992188, 179.5644989013672, 67.745361328125], "Font": {"alt_family_name": "Raleway", "embedded": true, "encoding": "Identity-H", "family_name": "Raleway", "font_type": "CIDFontType2", "italic": false, "monospaced": false, "name": "UGCGFC+Raleway", "subset": true, "weight": 400}, "HasClip": false, "Lang": "en", "ObjectID": 290, "Page": 10, "Path": "//Document/Aside[2]/P[2]", "Text": "Easy Access to Patio Bar ", "TextSize": 18.005813598632812, "attributes": {"LineHeight": 17.125, "SpaceAfter": 18, "TextAlign": "Center"}}, {"Bounds": [416.0136260986328, 449.50474548339844, 585.2361450195312, 501.8054656982422], "ObjectID": 291, "Page": 10, "Path": "//Document/Aside[3]/Figure", "attributes": {"BBox": [416.1429999999964, 449.653999999995, 585.0959999999905, 501.6119999999937], "Placement": "Block", "SpaceAfter": 18}, "filePaths": ["figures/fileoutpart28.png"]}, {"Bounds": [449.5778350830078, 383.6033172607422, 550.5357513427734, 421.631591796875], "Font": {"alt_family_name": "Raleway", "embedded": true, "encoding": "Identity-H", "family_name": "Raleway", "font_type": "CIDFontType2", "italic": false, "monospaced": false, "name": "UGCGFC+Raleway", "subset": true, "weight": 400}, "HasClip": false, "Lang": "en", "ObjectID": 292, "Page": 10, "Path": "//Document/Aside[3]/P", "Text": "Seats Up to 40 People ", "TextSize": 18.005813598632812, "attributes": {"LineHeight": 17.25, "SpaceAfter": 18, "TextAlign": "Justify"}}, {"Bounds": [416.4293670654297, 299.93031311035156, 583.7382354736328, 355.1541290283203], "Font": {"alt_family_name": "Raleway", "embedded": true, "encoding": "Identity-H", "family_name": "Raleway", "font_type": "CIDFontType2", "italic": false, "monospaced": false, "name": "UGCGFC+Raleway", "subset": true, "weight": 400}, "HasClip": false, "Lang": "en", "ObjectID": 293, "Page": 10, "Path": "//Document/Aside[3]/P[2]", "Text": "Fantastic View of Montgomery-Gibbs Executive Airport ", "TextSize": 18.005813598632812, "attributes": {"LineHeight": 17.125, "SpaceAfter": 18, "TextAlign": "Center"}}, {"Bounds": [204.36671447753906, -143.7191925048828, 654.3008575439453, 433.10975646972656], "ClipBounds": [204.36671447753906, 6.206268310546875, 605.5642547607422, 265.902099609375], "ObjectID": 294, "Page": 10, "Path": "//Document/Figure[26]", "attributes": {"BBox": [208.91099999999278, 6.391969999999901, 605.375, 261.2619999999879], "Placement": "Block"}, "filePaths": ["figures/fileoutpart29.png"]}, {"Bounds": [-57.38090515136719, 399.052001953125, 457.69309997558594, 785.864990234375], "ClipBounds": [6.5529937744140625, 399.052001953125, 393.77001953125, 785.864990234375], "ObjectID": 215, "Page": 11, "Path": "//Document/Figure[27]", "attributes": {"BBox": [6.839719999999943, 399.1359999999986, 393.7039999999979, 785.6399999999849], "Placement": "Block"}, "filePaths": ["figures/fileoutpart30.png"]}, {"Bounds": [480.6999969482422, 709.6327972412109, 588.4409484863281, 780.5682220458984], "Font": {"alt_family_name": "Zooja Light Pro", "embedded": true, "encoding": "WinAnsiEncoding", "family_name": "Zooja Light Pro", "font_type": "Type1", "italic": false, "monospaced": false, "name": "QAZZLB+ZoojaLightPro", "subset": true, "weight": 300}, "HasClip": false, "Lang": "en", "ObjectID": 216, "Page": 11, "Path": "//Document/H1[10]", "Text": "Lounge ", "TextSize": 53.49580383300781, "attributes": {"LineHeight": 64.25, "SpaceAfter": 18, "TextAlign": "End"}}, {"Bounds": [439.936767578125, 660.9117736816406, 569.1217498779297, 698.927978515625], "Font": {"alt_family_name": "Raleway", "embedded": true, "encoding": "Identity-H", "family_name": "Raleway", "font_type": "CIDFontType2", "italic": false, "monospaced": false, "name": "REOKZZ+Raleway", "subset": true, "weight": 400}, "HasClip": false, "Lang": "en", "ObjectID": 217, "Page": 11, "Path": "//Document/H2[12]", "Text": "Seats 50 to 125 People ", "TextSize": 18.000106811523438, "attributes": {"LineHeight": 17.125, "SpaceAfter": 18, "TextAlign": "Center"}}, {"Bounds": [425.1226806640625, 566.4112396240234, 583.86376953125, 638.8076477050781], "Font": {"alt_family_name": "Raleway", "embedded": true, "encoding": "Identity-H", "family_name": "Raleway", "font_type": "CIDFontType2", "italic": false, "monospaced": false, "name": "REOKZZ+Raleway", "subset": true, "weight": 400}, "HasClip": false, "Lang": "en", "ObjectID": 218, "Page": 11, "Path": "//Document/H2[13]", "Text": "Dance Floor, DJ Booth, TVs, Microphone, & Projector Available ", "TextSize": 18.000106811523438, "attributes": {"LineHeight": 17.125, "SpaceAfter": 18, "TextAlign": "Center"}}, {"Bounds": [428.7947082519531, 495.90484619140625, 580.5895538330078, 551.1111602783203], "Font": {"alt_family_name": "Raleway", "embedded": true, "encoding": "Identity-H", "family_name": "Raleway", "font_type": "CIDFontType2", "italic": false, "monospaced": false, "name": "REOKZZ+Raleway", "subset": true, "weight": 400}, "HasClip": false, "Lang": "en", "ObjectID": 219, "Page": 11, "Path": "//Document/H2[14]", "Text": "Easy Access to Main Bar & Outdoor Patio Bar ", "TextSize": 18.000106811523438, "attributes": {"LineHeight": 17.25, "SpaceAfter": 18, "TextAlign": "Center"}}, {"Bounds": [417.5626525878906, 425.3984680175781, 591.5496826171875, 480.6047668457031], "Font": {"alt_family_name": "Raleway", "embedded": true, "encoding": "Identity-H", "family_name": "Raleway", "font_type": "CIDFontType2", "italic": false, "monospaced": false, "name": "REOKZZ+Raleway", "subset": true, "weight": 400}, "HasClip": false, "Lang": "en", "ObjectID": 220, "Page": 11, "Path": "//Document/H2[15]", "Text": "Ideal for Weddings, Birthday Parties, and Corporate Events ", "TextSize": 18.000106811523438, "attributes": {"LineHeight": 17.125, "TextAlign": "Center"}}, {"Bounds": [49.262603759765625, 321.03387451171875, 174.46949768066406, 359.0500946044922], "Font": {"alt_family_name": "Raleway", "embedded": true, "encoding": "Identity-H", "family_name": "Raleway", "font_type": "CIDFontType2", "italic": false, "monospaced": false, "name": "REOKZZ+Raleway", "subset": true, "weight": 400}, "HasClip": false, "Lang": "en", "ObjectID": 221, "Page": 11, "Path": "//Document/H2[16]", "Text": "Seats Up to 35 People ", "TextSize": 18.000106811523438, "attributes": {"LineHeight": 17.125, "SpaceAfter": 18, "TextAlign": "Center"}}, {"Bounds": [33.15251159667969, 221.871337890625, 190.5633087158203, 294.2677307128906], "Font": {"alt_family_name": "Raleway", "embedded": true, "encoding": "Identity-H", "family_name": "Raleway", "font_type": "CIDFontType2", "italic": false, "monospaced": false, "name": "REOKZZ+Raleway", "subset": true, "weight": 400}, "HasClip": false, "Lang": "en", "ObjectID": 222, "Page": 11, "Path": "//Document/H2[17]", "Text": "Ideal for Meetings, Birthdays, Family Gatherings, & Private Dinners ", "TextSize": 18.000106811523438, "attributes": {"LineHeight": 17.125, "SpaceAfter": 18, "TextAlign": "Center"}}, {"Bounds": [46.27458190917969, 126.84880065917969, 177.40518188476562, 199.24520874023438], "Font": {"alt_family_name": "Raleway", "embedded": true, "encoding": "Identity-H", "family_name": "Raleway", "font_type": "CIDFontType2", "italic": false, "monospaced": false, "name": "REOKZZ+Raleway", "subset": true, "weight": 400}, "HasClip": false, "Lang": "en", "ObjectID": 223, "Page": 11, "Path": "//Document/H2[18]", "Text": "Also Available for Private Sunday Brunch Bu\ufb00et ", "TextSize": 18.000106811523438, "attributes": {"LineHeight": 17.125, "SpaceAfter": 15.875, "TextAlign": "Center"}}, {"Bounds": [23.771896362304688, 27.925399780273438, 172.11575317382812, 98.86082458496094], "Font": {"alt_family_name": "Zooja Light Pro", "embedded": true, "encoding": "Identity-H", "family_name": "Zooja Light Pro", "font_type": "CIDFontType0", "italic": false, "monospaced": false, "name": "QAZZLB+ZoojaLightPro", "subset": true, "weight": 300}, "HasClip": false, "Lang": "en", "ObjectID": 224, "Page": 11, "Path": "//Document/H1[11]", "Text": "Red Baron ", "TextSize": 53.49580383300781, "attributes": {"LineHeight": 64.25, "SpaceAfter": 11.25}}, {"Bounds": [218.05299377441406, -163.73500061035156, 696.0509948730469, 472.17100524902344], "ClipBounds": [218.05299377441406, 6.139007568359375, 606.0880126953125, 392.9519958496094], "ObjectID": 225, "Page": 11, "Path": "//Document/Figure[28]", "attributes": {"BBox": [218.27099999999336, 6.151979999999867, 605.8549999999814, 392.775999999998], "BackgroundColor": [0.9372559999999908, 0.9529419999999789, 0.9725489999999866], "Placement": "Block"}, "filePaths": ["figures/fileoutpart31.png"]}], "pages": [{"boxes": {"CropBox": [0.0, 0.0, 612.0, 792.0], "MediaBox": [0.0, 0.0, 612.0, 792.0]}, "height": 792.0, "is_scanned": false, "page_number": 0, "rotation": 0, "width": 612.0}, {"boxes": {"CropBox": [0.0, 0.0, 612.0, 792.0], "MediaBox": [0.0, 0.0, 612.0, 792.0]}, "height": 792.0, "is_scanned": false, "page_number": 1, "rotation": 0, "width": 612.0}, {"boxes": {"CropBox": [0.0, 0.0, 612.0, 792.0], "MediaBox": [0.0, 0.0, 612.0, 792.0]}, "height": 792.0, "is_scanned": true, "page_number": 2, "rotation": 0, "width": 612.0}, {"boxes": {"CropBox": [0.0, 0.0, 612.0, 792.0], "MediaBox": [0.0, 0.0, 612.0, 792.0]}, "height": 792.0, "is_scanned": false, "page_number": 3, "rotation": 0, "width": 612.0}, {"boxes": {"CropBox": [0.0, 0.0, 612.0, 792.0], "MediaBox": [0.0, 0.0, 612.0, 792.0]}, "height": 792.0, "is_scanned": false, "page_number": 4, "rotation": 0, "width": 612.0}, {"boxes": {"CropBox": [0.0, 0.0, 611.8200073242188, 792.0], "MediaBox": [0.0, 0.0, 611.8200073242188, 792.0]}, "height": 792.0, "is_scanned": false, "page_number": 5, "rotation": 0, "width": 611.8200073242188}, {"boxes": {"CropBox": [0.0, 0.0, 612.0, 792.0], "MediaBox": [0.0, 0.0, 612.0, 792.0]}, "height": 792.0, "is_scanned": false, "page_number": 6, "rotation": 0, "width": 612.0}, {"boxes": {"CropBox": [0.0, 0.0, 612.0, 792.0], "MediaBox": [0.0, 0.0, 612.0, 792.0]}, "height": 792.0, "is_scanned": true, "page_number": 7, "rotation": 0, "width": 612.0}, {"boxes": {"CropBox": [0.0, 0.0, 612.0, 792.0], "MediaBox": [0.0, 0.0, 612.0, 792.0]}, "height": 792.0, "is_scanned": true, "page_number": 8, "rotation": 0, "width": 612.0}, {"boxes": {"CropBox": [0.0, 0.0, 612.0, 792.0], "MediaBox": [0.0, 0.0, 612.0, 792.0]}, "height": 792.0, "is_scanned": true, "page_number": 9, "rotation": 0, "width": 612.0}, {"boxes": {"CropBox": [0.0, 0.0, 612.0, 792.0], "MediaBox": [0.0, 0.0, 612.0, 792.0]}, "height": 792.0, "is_scanned": false, "page_number": 10, "rotation": 0, "width": 612.0}, {"boxes": {"CropBox": [0.0, 0.0, 611.8200073242188, 792.0], "MediaBox": [0.0, 0.0, 611.8200073242188, 792.0]}, "height": 792.0, "is_scanned": false, "page_number": 11, "rotation": 0, "width": 611.8200073242188}]}